Year,State,tag_num_orig,Site,tag_num,Session,New_Session,sex,age,date,Bor_burg,Bab_micro
2014,CT,107,HT,107HT,1,1,M,A,5/15/2014,Y,Y
2014,CT,108,HT,108HT,1,1,F,J,5/15/2014,N,N
2014,CT,110,LS,110LS,1,1,F,A,5/15/2014,N,Y
2014,CT,111,LS,111LS,1,1,F,A,5/15/2014,N,N
2014,CT,112,LS,112LS,1,1,M,A,5/15/2014,Y,N
2014,CT,114,LC,114LC,1,1,F,A,5/20/2014,N,Y
2014,CT,115,LC,115LC,1,1,F,A,5/20/2014,N,Y
2014,CT,116,LC,116LC,1,1,M,J,5/20/2014,N,Y
2014,CT,119,LC,119LC,1,1,M,A,5/21/2014,N,Y
2014,CT,120,LC,120LC,1,1,M,A,5/21/2014,N,Y
2014,CT,121,LC,121LC,1,1,F,A,5/21/2014,Y,Y
2014,CT,122,LC,122LC,1,1,F,J,5/21/2014,N,N
2014,CT,126,LC,126LC,1,1,M,A,5/22/2014,N,Y
2014,RI,121,RH,121RH,1,1,M,J,5/30/2014,N,Y
2014,RI,125,RH,125RH,1,1,M,J,5/29/2014,N,Y
2014,RI,127,RH,127RH,1,1,F,J,5/29/2014,N,N
2014,RI,128,RH,128RH,1,1,M,J,5/29/2014,Y,Y
2014,RI,129,RH,129RH,1,1,M,J,5/29/2014,Y,Y
2014,RI,130,RH,130RH,1,1,F,J,5/29/2014,N,Y
2014,RI,134,RH,134RH,1,1,M,J,5/31/2014,N,Y
2015,CT,701,HT,701HT,1,9,M,A,5/15/2015,N,Y
2015,CT,702,HT,702HT,1,9,F,A,5/19/2015,Y,N
2015,CT,703,HT,703HT,1,9,F,A,5/19/2015,N,Y
2015,CT,705,HT,705HT,1,9,M,J,5/20/2015,N,N
2015,CT,706,LC,706LC,1,9,F,J,5/26/2015,N,N
2015,CT,707,LC,707LC,1,9,F,A,5/26/2015,N,N
2015,CT,708,LC,708LC,1,9,M,A,5/26/2015,N,Y
2015,CT,709,LC,709LC,1,9,F,A,5/28/2015,N,N
2015,CT,710,LC,710LC,1,9,M,J,5/28/2015,N,N
2015,CT,711,LC,711LC,1,9,F,A,5/28/2015,N,N
2015,RI,102,MSR,102MSR,1,9,M,A,5/27/2015,Y,Y
2015,RI,105,MSR,105MSR,1,9,F,A,5/29/2015,Y,Y
2015,RI,160,BR,160BR,1,9,M,A,5/27/2015,Y,Y
2015,RI,164,MSR,164MSR,1,9,M,A,5/27/2015,Y,Y
2015,RI,201,MSR,201MSR,1,9,F,A,5/27/2015,N,N
2015,RI,202,MSR,202MSR,1,9,M,A,5/27/2015,Y,N
2015,RI,203,MSR,203MSR,1,9,M,A,5/27/2015,N,Y
2015,RI,205,BR,205BR,1,9,M,A,5/27/2015,Y,Y
2015,RI,207,BR,207BR,1,9,M,A,5/27/2015,N,Y
2015,RI,208,BR,208BR,1,9,M,A,5/28/2015,N,Y
2015,RI,209/253,BR,209/253BR,1,9,F,A,5/28/2015,Y,Y
2015,RI,210,BR,210BR,1,9,F,A,5/28/2015,Y,Y
2015,RI,211,BR,211BR,1,9,F,A,5/28/2015,N,N
2015,RI,212/300,BR,212/300BR,1,9,F,A,5/28/2015,Y,Y
2015,RI,213,MSR,213MSR,1,9,F,A,5/28/2015,Y,Y
2015,RI,214,MSR,214MSR,1,9,F,J,5/26/2015,N,N
2015,RI,215,BR,215BR,1,9,F,A,5/29/2015,Y,Y
2015,RI,216,BR,216BR,1,9,F,J,5/29/2015,N,N
2015,RI,220,MSR,220MSR,1,9,F,A,5/29/2015,N,N
2015,RI,221,MSR,221MSR,1,9,F,A,5/29/2015,Y,N
2015,RI,222,RH,222RH,1,9,M,A,06/03/2015,Y,Y
2015,RI,223,RH,223RH,1,9,F,A,06/03/2015,Y,Y
2015,RI,224,RH,224RH,1,9,F,A,06/03/2015,Y,Y
2015,RI,225,RH,225RH,1,9,F,A,06/03/2015,Y,Y
2015,RI,226,RH,226RH,1,9,M,A,06/03/2015,Y,Y
2015,RI,228,RH,228RH,1,9,M,A,06/04/2015,Y,Y
2015,RI,229,RH,229RH,1,9,M,A,06/04/2015,Y,Y
2015,RI,230,RH,230RH,1,9,M,A,06/04/2015,Y,Y
2015,RI,232,RH,232RH,1,9,F,A,06/05/2015,Y,Y
2015,RI,233,RH,233RH,1,9,F,A,06/05/2015,Y,Y
2015,RI,234,RH,234RH,1,9,F,J,06/05/2015,N,N
2015,RI,235,RH,235RH,1,9,F,A,06/05/2015,Y,Y
2015,RI,236,RH,236RH,1,9,M,J,06/05/2015,N,Y
2015,RI,244,RH,244RH,1,9,F,A,06/05/2015,Y,Y
2015,RI,247,RH,247RH,1,9,F,J,06/05/2015,N,Y
2015,RI,69,BR,69BR,1,9,M,A,5/27/2015,Y,Y
2016,CT,833,LS,833LS,1,16,F,A,25-May-16,Y,Y
2016,CT,834,LS,834LS,1,16,M,A,24-May-16,N,Y
2016,CT,836,LS,836LS,1,16,M,A,24-May-16,N,Y
2016,CT,837,LS,837LS,1,16,M,J,24-May-16,N,Y
2016,CT,838,LS,838LS,1,16,F,J,24-May-16,N,Y
2016,CT,839,LS,839LS,1,16,M,A,24-May-16,N,Y
2016,CT,840,HT,840HT,1,16,M,A,24-May-16,Y,Y
2016,CT,841,HT,841HT,1,16,M,A,24-May-16,Y,Y
2016,CT,842,HT,842HT,1,16,F,A,24-May-16,Y,Y
2016,CT,843,HT,843HT,1,16,F,J,24-May-16,N,Y
2016,CT,844,HT,844HT,1,16,M,A,24-May-16,N,Y
2016,CT,846,LS,846LS,1,16,M,J,25-May-16,N,Y
2016,CT,847,HT,847HT,1,16,M,J,25-May-16,Y,Y
2016,CT,848,HT,848HT,1,16,M,J,25-May-16,N,Y
2016,CT,849,HT,849HT,1,16,F,J,25-May-16,N,Y
2016,CT,850,HT,850HT,1,16,F,J,25-May-16,N,Y
2016,CT,851,HT,851HT,1,16,M,A,25-May-16,Y,Y
2016,CT,854,LS,854LS,1,16,M,J,26-May-16,N,Y
2016,CT,855,HT,855HT,1,16,F,J,26-May-16,N,Y
2016,CT,856,HT,856HT,1,16,M,J,26-May-16,N,Y
2016,CT,857,LC,857LC,1,16,M,A,31-May-16,Y,Y
2016,CT,858,LC,858LC,1,16,M,A,31-May-16,N,Y
2016,CT,859,LC,859LC,1,16,M,A,31-May-16,Y,Y
2016,CT,860,LC,860LC,1,16,M,A,31-May-16,N,Y
2016,CT,862,LC,862LC,1,16,F,J,31-May-16,N,Y
2016,CT,864,LC,864LC,1,16,M,A,31-May-16,N,Y
2016,CT,865,LC,865LC,1,16,F,A,31-May-16,N,Y
2016,CT,867,LC,867LC,1,16,F,J,31-May-16,N,Y
2016,CT,870,LC,870LC,1,16,F,A,31-May-16,Y,Y
2016,CT,872,LC,872LC,1,16,F,J,31-May-16,N,Y
2016,CT,874,LC,874LC,1,16,F,J,01-Jun-16,N,N
2016,CT,876,LC,876LC,1,16,M,J,01-Jun-16,N,Y
2016,CT,877,LC,877LC,1,16,F,J,01-Jun-16,N,Y
2016,CT,878,LC,878LC,1,16,M,A,01-Jun-16,N,Y
2016,CT,882,LC,882LC,1,16,F,J,02-Jun-16,N,Y
2016,CT,884,LC,884LC,1,16,M,J,01-Jun-16,N,Y
2016,CT,891,LC,891LC,1,16,F,J,01-Jun-16,N,Y
2016,CT,892,LC,892LC,1,16,M,J,02-Jun-16,N,Y
2016,CT,894,LC,894LC,1,16,M,A,01-Jun-16,N,Y
2016,CT,896,LC,896LC,1,16,F,J,02-Jun-16,N,N
2016,CT,898,LC,898LC,1,16,F,J,01-Jun-16,N,N
2016,RI,316,MSR,316MSR,1,16,M,A,25-May-16,N,Y
2016,RI,374,MSR,374MSR,1,16,M,A,25-May-16,N,Y
2016,RI,394,RH,394RH,1,16,M,A,31-May-16,N,Y
2016,RI,401,BR,401BR,1,16,F,A,24-May-16,N,Y
2016,RI,402,BR,402BR,1,16,F,A,24-May-16,N,Y
2016,RI,403,BR,403BR,1,16,F,A,24-May-16,N,Y
2016,RI,404,BR,404BR,1,16,M,A,24-May-16,N,Y
2016,RI,405,BR,405BR,1,16,M,A,24-May-16,N,Y
2016,RI,406,BR,406BR,1,16,F,A,24-May-16,N,Y
2016,RI,407,BR,407BR,1,16,F,A,24-May-16,N,Y
2016,RI,409,BR,409BR,1,16,F,A,24-May-16,Y,Y
2016,RI,411,BR,411BR,1,16,M,A,24-May-16,N,Y
2016,RI,412,BR,412BR,1,16,F,A,24-May-16,N,Y
2016,RI,413,BR,413BR,1,16,M,A,24-May-16,Y,Y
2016,RI,414,BR,414BR,1,16,F,A,24-May-16,N,Y
2016,RI,415,MSR,415MSR,1,16,M,A,24-May-16,N,Y
2016,RI,416,MSR,416MSR,1,16,M,A,24-May-16,N,Y
2016,RI,417,MSR,417MSR,1,16,F,A,24-May-16,N,Y
2016,RI,418,MSR,418MSR,1,16,F,A,24-May-16,N,Y
2016,RI,419,MSR,419MSR,1,16,M,A,24-May-16,N,Y
2016,RI,420,MSR,420MSR,1,16,M,A,24-May-16,N,Y
2016,RI,421,MSR,421MSR,1,16,M,A,24-May-16,N,Y
2016,RI,422,MSR,422MSR,1,16,F,A,24-May-16,N,Y
2016,RI,423,MSR,423MSR,1,16,M,A,24-May-16,N,Y
2016,RI,426,MSR,426MSR,1,16,M,A,24-May-16,Y,Y
2016,RI,427,MSR,427MSR,1,16,F,A,24-May-16,N,Y
2016,RI,428,MSR,428MSR,1,16,M,A,24-May-16,N,Y
2016,RI,429,MSR,429MSR,1,16,M,A,24-May-16,N,Y
2016,RI,430,MSR,430MSR,1,16,F,A,24-May-16,N,Y
2016,RI,432,MSR,432MSR,1,16,M,A,25-May-16,N,Y
2016,RI,434,MSR,434MSR,1,16,F,A,25-May-16,N,Y
2016,RI,436,MSR,436MSR,1,16,F,A,25-May-16,N,Y
2016,RI,437,MSR,437MSR,1,16,F,A,25-May-16,N,Y
2016,RI,439,MSR,439MSR,1,16,F,A,25-May-16,N,Y
2016,RI,440,BR,440BR,1,16,F,A,25-May-16,N,Y
2016,RI,441,BR,441BR,1,16,M,A,25-May-16,N,Y
2016,RI,443,BR,443BR,1,16,M,A,25-May-16,Y,Y
2016,RI,444,BR,444BR,1,16,M,A,25-May-16,Y,Y
2016,RI,445,BR,445BR,1,16,M,A,25-May-16,N,Y
2016,RI,447,MSR,447MSR,1,16,F,A,26-May-16,N,Y
2016,RI,449,BR,449BR,1,16,F,A,26-May-16,N,Y
2016,RI,450,BR,450BR,1,16,F,A,26-May-16,N,Y
2016,RI,451,BR,451BR,1,16,F,A,26-May-16,N,Y
2016,RI,452,BR,452BR,1,16,M,A,26-May-16,Y,N
2016,RI,453,BR,453BR,1,16,F,A,26-May-16,N,Y
2016,RI,454,BR,454BR,1,16,F,A,26-May-16,N,Y
2016,RI,455,BR,455BR,1,16,F,A,26-May-16,N,N
2016,RI,456,BR,456BR,1,16,F,A,26-May-16,N,Y
2016,RI,457,BR,457BR,1,16,M,A,26-May-16,N,Y
2016,RI,459,RH,459RH,1,16,M,A,31-May-16,N,Y
2016,RI,460,RH,460RH,1,16,F,A,31-May-16,N,Y
2016,RI,461,RH,461RH,1,16,M,A,31-May-16,N,Y
2016,RI,462,RH,462RH,1,16,M,A,31-May-16,N,Y
2016,RI,463,RH,463RH,1,16,M,A,31-May-16,N,Y
2016,RI,464,RH,464RH,1,16,M,A,31-May-16,N,Y
2016,RI,465,RH,465RH,1,16,M,A,31-May-16,N,Y
2016,RI,466,RH,466RH,1,16,F,A,31-May-16,N,Y
2016,RI,467,RH,467RH,1,16,F,A,31-May-16,N,Y
2016,RI,468,RH,468RH,1,16,F,A,31-May-16,N,Y
2016,RI,469,RH,469RH,1,16,F,A,31-May-16,N,Y
2016,RI,470,RH,470RH,1,16,F,A,31-May-16,N,Y
2016,RI,471,RH,471RH,1,16,M,A,31-May-16,N,Y
2016,RI,472,RH,472RH,1,16,F,A,31-May-16,N,Y
2016,RI,474,RH,474RH,1,16,F,A,31-May-16,N,Y
2016,RI,475,RH,475RH,1,16,F,A,31-May-16,N,Y
2016,RI,476,RH,476RH,1,16,F,A,31-May-16,N,Y
2016,RI,478,RH,478RH,1,16,F,A,31-May-16,N,Y
2016,RI,479,RH,479RH,1,16,F,A,31-May-16,Y,Y
2016,RI,480,RH,480RH,1,16,F,A,31-May-16,N,Y
2016,RI,481,RH,481RH,1,16,M,A,31-May-16,Y,Y
2016,RI,482,RH,482RH,1,16,F,A,31-May-16,N,Y
2016,RI,483,RH,483RH,1,16,F,A,31-May-16,Y,Y
2016,RI,484,RH,484RH,1,16,M,A,31-May-16,N,Y
2016,RI,485,RH,485RH,1,16,F,A,31-May-16,N,Y
2016,RI,487,RH,487RH,1,16,F,A,31-May-16,N,Y
2016,RI,488,RH,488RH,1,16,F,A,31-May-16,N,Y
2016,RI,489,RH,489RH,1,16,F,A,31-May-16,N,Y
2016,RI,490,RH,490RH,1,16,M,A,31-May-16,N,Y
2016,RI,492,RH,492RH,1,16,F,A,01-Jun-16,N,Y
2016,RI,493,RH,493RH,1,16,M,A,01-Jun-16,N,Y
2016,RI,496,RH,496RH,1,16,F,A,01-Jun-16,N,Y
2016,RI,497,RH,497RH,1,16,M,A,01-Jun-16,N,Y
2016,RI,498,RH,498RH,1,16,M,A,02-Jun-16,N,Y
2016,RI,499,RH,499RH,1,16,M,A,02-Jun-16,N,Y
2016,RI,501,RH,501RH,1,16,M,A,02-Jun-16,N,Y
2016,RI,502,RH,502RH,1,16,F,A,02-Jun-16,N,Y
2016,RI,503,RH,503RH,1,16,F,A,02-Jun-16,N,Y
2014,CT,101,HT,101HT,2,2,F,J,5/28/2014,N,N
2014,CT,102/127,HT,102/127HT,2,2,M,J,5/28/2014,N,N
2014,CT,103,HT,103HT,2,2,F,A,5/28/2014,N,N
2014,CT,104,HT,104HT,2,2,M,J,5/28/2014,N,N
2014,CT,107,HT,107HT,2,2,M,A,5/28/2014,N,Y
2014,CT,108,HT,108HT,2,2,F,J,5/28/2014,N,Y
2014,CT,109,LS,109LS,2,2,F,J,5/28/2014,N,N
2014,CT,112,LS,112LS,2,2,M,A,5/28/2014,N,Y
2014,CT,113,LS,113LS,2,2,M,J,5/28/2014,N,N
2014,CT,114,LC,114LC,2,2,F,A,06/03/2014,N,Y
2014,CT,119,LC,119LC,2,2,M,A,06/03/2014,N,Y
2014,CT,120,LC,120LC,2,2,M,A,06/03/2014,Y,Y
2014,CT,121,LC,121LC,2,2,F,A,06/03/2014,N,Y
2014,CT,128,HT,128HT,2,2,F,A,5/28/2014,N,Y
2014,CT,129,HT,129HT,2,2,F,J,5/28/2014,N,Y
2014,CT,130,HT,130HT,2,2,M,J,5/28/2014,N,Y
2014,CT,131,HT,131HT,2,2,M,A,5/28/2014,N,Y
2014,CT,138,HT,138HT,2,2,F,J,5/28/2014,N,Y
2014,CT,140/545,LS,140/545LS,2,2,F,J,5/28/2014,N,N
2014,CT,141,LS,141LS,2,2,F,A,5/28/2014,N,Y
2014,CT,142,LS,142LS,2,2,M,A,5/28/2014,N,Y
2014,CT,145,HT,145HT,2,2,F,J,5/29/2014,N,N
2014,CT,146,HT,146HT,2,2,M,J,5/29/2014,Y,N
2014,CT,147,HT,147HT,2,2,F,A,5/29/2014,N,Y
2014,CT,148,HT,148HT,2,2,M,J,5/29/2014,N,Y
2014,CT,149,HT,149HT,2,2,M,J,5/29/2014,N,Y
2014,CT,151,HT,151HT,2,2,M,J,5/29/2014,N,N
2014,CT,152,HT,152HT,2,2,F,J,5/29/2014,N,N
2014,CT,153,HT,153HT,2,2,M,A,5/29/2014,Y,Y
2014,CT,154,HT,154HT,2,2,F,A,5/29/2014,N,N
2014,CT,155,HT,155HT,2,2,F,J,5/29/2014,N,Y
2014,CT,156,HT,156HT,2,2,F,J,5/29/2014,N,Y
2014,CT,157,LS,157LS,2,2,F,J,5/29/2014,N,Y
2014,CT,158/159,LS,158/159LS,2,2,M,J,5/29/2014,N,Y
2014,CT,161/167,LS,161/167LS,2,2,M,J,5/29/2014,N,Y
2014,CT,162,LC,162LC,2,2,M,A,06/03/2014,N,Y
2014,CT,163,LS,163LS,2,2,M,A,5/29/2014,N,Y
2014,CT,164,LS,164LS,2,2,M,J,5/29/2014,N,N
2014,CT,165,HT,165HT,2,2,F,J,5/30/2014,N,Y
2014,CT,168,LS,168LS,2,2,F,J,5/30/2014,N,Y
2014,CT,169,LS,169LS,2,2,M,J,5/30/2014,N,Y
2014,CT,170,LS,170LS,2,2,M,J,5/30/2014,N,Y
2014,CT,174,LC,174LC,2,2,F,J,06/04/2014,N,N
2014,CT,175,LC,175LC,2,2,M,J,06/04/2014,N,N
2014,CT,178,LC,178LC,2,2,F,A,06/05/2014,N,Y
2014,CT,180,LC,180LC,2,2,M,J,06/05/2014,N,N
2014,RI,121,RH,121RH,2,2,M,A,06/12/2014,N,Y
2014,RI,128,RH,128RH,2,2,M,A,06/12/2014,N,Y
2014,RI,129,RH,129RH,2,2,M,A,06/10/2014,Y,Y
2014,RI,131,RH,131RH,2,2,M,A,06/10/2014,N,Y
2014,RI,139,RH,139RH,2,2,M,A,06/10/2014,N,Y
2014,RI,140,RH,140RH,2,2,F,J,06/11/2014,N,Y
2014,RI,141,RH,141RH,2,2,M,A,06/12/2014,N,Y
2015,CT,707,LC,707LC,2,10,F,A,06/09/2015,N,Y
2015,CT,712,LS,712LS,2,10,F,J,06/02/2015,N,N
2015,CT,713,LS,713LS,2,10,M,A,06/02/2015,N,Y
2015,CT,714/729,HT,714/729HT,2,10,M,J,06/02/2015,N,N
2015,CT,715/728,HT,715/728HT,2,10,F,J,06/02/2015,N,N
2015,CT,716,HT,716HT,2,10,F,A,06/02/2015,Y,N
2015,CT,717/726,HT,717/726HT,2,10,M,J,06/02/2015,N,Y
2015,CT,718,HT,718HT,2,10,M,J,06/02/2015,N,Y
2015,CT,719,LS,719LS,2,10,M,J,06/03/2015,N,Y
2015,CT,720,LS,720LS,2,10,M,A,06/04/2015,Y,Y
2015,CT,722,LC,722LC,2,10,F,J,06/09/2015,N,N
2015,CT,723,LC,723LC,2,10,F,J,06/09/2015,N,N
2015,CT,724,LC,724LC,2,10,M,J,06/10/2015,N,Y
2015,RI,102,MSR,102MSR,2,10,M,A,06/09/2015,Y,Y
2015,RI,105,MSR,105MSR,2,10,F,A,06/09/2015,Y,Y
2015,RI,160,BR,160BR,2,10,M,A,06/09/2015,N,Y
2015,RI,205,BR,205BR,2,10,M,A,06/10/2015,Y,Y
2015,RI,209/253,BR,209/253BR,2,10,F,A,06/09/2015,Y,Y
2015,RI,212/300,BR,212/300BR,2,10,F,A,06/09/2015,Y,Y
2015,RI,213,MSR,213MSR,2,10,F,A,06/09/2015,Y,N
2015,RI,215,BR,215BR,2,10,F,A,06/09/2015,N,Y
2015,RI,223,RH,223RH,2,10,F,A,6/17/2015,N,Y
2015,RI,224,RH,224RH,2,10,F,A,6/17/2015,Y,Y
2015,RI,229,RH,229RH,2,10,M,A,6/17/2015,Y,Y
2015,RI,237,BR,237BR,2,10,F,J,06/09/2015,N,Y
2015,RI,241,BR,241BR,2,10,F,A,06/09/2015,N,Y
2015,RI,242,MSR,242MSR,2,10,M,A,06/10/2015,N,Y
2015,RI,248,BR,248BR,2,10,M,A,06/09/2015,Y,Y
2015,RI,249,MSR,249MSR,2,10,M,A,06/09/2015,Y,Y
2015,RI,250,MSR,250MSR,2,10,F,J,06/09/2015,N,N
2015,RI,252,BR,252BR,2,10,F,J,06/10/2015,N,N
2015,RI,256,MSR,256MSR,2,10,M,A,06/11/2015,Y,Y
2015,RI,257,MSR,257MSR,2,10,M,J,06/11/2015,N,N
2015,RI,258,RH,258RH,2,10,F,A,6/17/2015,Y,Y
2015,RI,259,RH,259RH,2,10,M,J,6/17/2015,N,Y
2015,RI,260,RH,260RH,2,10,M,A,6/17/2015,Y,Y
2015,RI,261,RH,261RH,2,10,M,A,6/17/2015,Y,Y
2015,RI,262,RH,262RH,2,10,M,A,6/17/2015,Y,Y
2015,RI,263,RH,263RH,2,10,M,A,6/17/2015,Y,Y
2015,RI,265,RH,265RH,2,10,F,J,6/18/2015,N,Y
2015,RI,266,RH,266RH,2,10,F,J,6/18/2015,N,N
2015,RI,267,RH,267RH,2,10,F,J,6/18/2015,N,Y
2015,RI,268,RH,268RH,2,10,M,J,6/18/2015,N,Y
2015,RI,270,RH,270RH,2,10,F,J,6/19/2015,N,Y
2015,RI,274,RH,274RH,2,10,M,A,6/19/2015,Y,Y
2015,RI,275,RH,275RH,2,10,F,J,6/19/2015,N,Y
2015,RI,277,RH,277RH,2,10,F,J,6/19/2015,N,N
2015,RI,278,RH,278RH,2,10,F,J,6/19/2015,N,N
2015,RI,69,BR,69BR,2,10,M,A,06/09/2015,Y,Y
2016,CT,1000,HT,1000HT,2,17,M,J,14-Jun-16,N,Y
2016,CT,833,LS,833LS,2,17,F,A,07-Jun-16,N,Y
2016,CT,852,LS,852LS,2,17,F,A,07-Jun-16,N,Y
2016,CT,853,LS,853LS,2,17,M,J,07-Jun-16,Y,Y
2016,CT,863,LC,863LC,2,17,M,A,14-Jun-16,N,Y
2016,CT,865,LC,865LC,2,17,F,A,14-Jun-16,Y,Y
2016,CT,866,LC,866LC,2,17,F,A,14-Jun-16,N,Y
2016,CT,867,LC,867LC,2,17,F,A,14-Jun-16,Y,Y
2016,CT,871,LC,871LC,2,17,M,A,14-Jun-16,N,Y
2016,CT,874,LC,874LC,2,17,F,A,14-Jun-16,N,Y
2016,CT,876,LC,876LC,2,17,M,J,14-Jun-16,N,Y
2016,CT,879,LS,879LS,2,17,F,J,07-Jun-16,Y,Y
2016,CT,881,LS,881LS,2,17,M,J,07-Jun-16,N,Y
2016,CT,883,LS,883LS,2,17,M,J,08-Jun-16,N,Y
2016,CT,885,LS,885LS,2,17,M,A,07-Jun-16,N,Y
2016,CT,886,LS,886LS,2,17,M,A,07-Jun-16,N,Y
2016,CT,888,LS,888LS,2,17,F,J,07-Jun-16,N,Y
2016,CT,889,LS,889LS,2,17,F,J,07-Jun-16,N,Y
2016,CT,892,LC,892LC,2,17,M,J,14-Jun-16,N,Y
2016,CT,893,LS,893LS,2,17,M,J,07-Jun-16,N,Y
2016,CT,895,LC,895LC,2,17,F,J,14-Jun-16,N,Y
2016,CT,899,LS,899LS,2,17,F,A,08-Jun-16,N,Y
2016,CT,901,LS,901LS,2,17,F,J,08-Jun-16,N,Y
2016,CT,902,HT,902HT,2,17,F,J,08-Jun-16,Y,Y
2016,CT,903,LS,903LS,2,17,M,A,08-Jun-16,N,Y
2016,CT,905,LS,905LS,2,17,F,A,08-Jun-16,N,Y
2016,CT,906,LS,906LS,2,17,F,A,08-Jun-16,N,Y
2016,CT,908,LS,908LS,2,17,M,A,09-Jun-16,N,Y
2016,CT,909,HT,909HT,2,17,F,J,07-Jun-16,N,Y
2016,CT,911,HT,911HT,2,17,M,A,07-Jun-16,N,Y
2016,CT,912,HT,912HT,2,17,F,J,07-Jun-16,N,Y
2016,CT,915,HT,915HT,2,17,F,A,09-Jun-16,N,Y
2016,CT,916,HT,916HT,2,17,M,A,09-Jun-16,N,Y
2016,CT,919,LC,919LC,2,17,M,J,14-Jun-16,Y,Y
2016,CT,922,HT,922HT,2,17,M,J,07-Jun-16,Y,Y
2016,CT,926,LS,926LS,2,17,F,A,09-Jun-16,N,Y
2016,CT,929,LC,929LC,2,17,F,J,15-Jun-16,N,Y
2016,CT,932,LS,932LS,2,17,M,J,08-Jun-16,N,Y
2016,CT,933,LS,933LS,2,17,F,J,08-Jun-16,N,Y
2016,CT,934,LS,934LS,2,17,F,A,08-Jun-16,N,Y
2016,CT,935,LS,935LS,2,17,M,A,08-Jun-16,N,Y
2016,CT,936,HT,936HT,2,17,M,A,08-Jun-16,N,Y
2016,CT,937,LS,937LS,2,17,F,J,08-Jun-16,Y,Y
2016,CT,940,HT,940HT,2,17,M,A,09-Jun-16,N,Y
2016,CT,941,LS,941LS,2,17,M,J,09-Jun-16,N,Y
2016,CT,945,LC,945LC,2,17,F,J,14-Jun-16,Y,Y
2016,CT,949,LS,949LS,2,17,M,J,09-Jun-16,N,Y
2016,CT,950,HT,950HT,2,17,F,A,15-Jun-16,N,Y
2016,CT,956,LC,956LC,2,17,F,J,16-Jun-16,N,N
2016,CT,959,LC,959LC,2,17,M,J,14-Jun-16,N,Y
2016,CT,961,LC,961LC,2,17,F,J,14-Jun-16,Y,Y
2016,CT,963,LC,963LC,2,17,M,J,14-Jun-16,N,Y
2016,CT,967,LC,967LC,2,17,M,A,14-Jun-16,N,Y
2016,CT,968,LC,968LC,2,17,F,A,14-Jun-16,N,Y
2016,CT,970,LC,970LC,2,17,M,J,14-Jun-16,N,Y
2016,CT,971,LC,971LC,2,17,M,J,16-Jun-16,N,N
2016,CT,972,LC,972LC,2,17,F,J,15-Jun-16,N,Y
2016,CT,973,LC,973LC,2,17,F,A,14-Jun-16,Y,Y
2016,CT,974,LC,974LC,2,17,M,J,15-Jun-16,N,Y
2016,CT,978,LC,978LC,2,17,F,J,14-Jun-16,N,Y
2016,CT,979,LC,979LC,2,17,M,J,14-Jun-16,N,Y
2016,CT,980,LC,980LC,2,17,M,A,14-Jun-16,N,Y
2016,CT,981,LC,981LC,2,17,F,J,14-Jun-16,N,Y
2016,CT,985,LS,985LS,2,17,M,A,07-Jun-16,N,Y
2016,CT,986,LC,986LC,2,17,F,A,14-Jun-16,Y,Y
2016,CT,988,LC,988LC,2,17,M,J,15-Jun-16,N,Y
2016,CT,990,HT,990HT,2,17,F,J,09-Jun-16,N,Y
2016,CT,991,LC,991LC,2,17,F,A,14-Jun-16,N,Y
2016,CT,996,HT,996HT,2,17,F,A,09-Jun-16,N,Y
2016,CT,997,LC,997LC,2,17,F,A,14-Jun-16,N,Y
2016,CT,999,LC,999LC,2,17,F,J,14-Jun-16,N,Y
2016,RI,316,MSR,316MSR,2,17,M,A,07-Jun-16,N,Y
2016,RI,402,BR,402BR,2,17,F,A,07-Jun-16,Y,Y
2016,RI,406,BR,406BR,2,17,F,A,07-Jun-16,Y,Y
2016,RI,411,BR,411BR,2,17,M,A,07-Jun-16,N,Y
2016,RI,413,BR,413BR,2,17,M,A,09-Jun-16,N,Y
2016,RI,417,MSR,417MSR,2,17,F,A,07-Jun-16,N,Y
2016,RI,418,MSR,418MSR,2,17,F,A,07-Jun-16,N,Y
2016,RI,419,MSR,419MSR,2,17,M,A,07-Jun-16,N,Y
2016,RI,422,MSR,422MSR,2,17,F,A,07-Jun-16,N,Y
2016,RI,426,MSR,426MSR,2,17,M,A,07-Jun-16,N,Y
2016,RI,428,MSR,428MSR,2,17,M,A,07-Jun-16,N,Y
2016,RI,430,MSR,430MSR,2,17,F,A,09-Jun-16,N,Y
2016,RI,433,MSR,433MSR,2,17,M,A,07-Jun-16,N,Y
2016,RI,434,MSR,434MSR,2,17,F,A,07-Jun-16,N,Y
2016,RI,436,MSR,436MSR,2,17,F,A,09-Jun-16,N,Y
2016,RI,437,MSR,437MSR,2,17,F,A,07-Jun-16,Y,Y
2016,RI,438/581,MSR,438/581MSR,2,17,F,A,07-Jun-16,N,Y
2016,RI,439,MSR,439MSR,2,17,F,A,07-Jun-16,N,Y
2016,RI,440,BR,440BR,2,17,F,A,09-Jun-16,N,Y
2016,RI,442,BR,442BR,2,17,M,A,07-Jun-16,N,Y
2016,RI,444,BR,444BR,2,17,M,A,08-Jun-16,N,Y
2016,RI,445,BR,445BR,2,17,M,A,08-Jun-16,N,Y
2016,RI,447,MSR,447MSR,2,17,F,A,09-Jun-16,N,Y
2016,RI,449,BR,449BR,2,17,F,A,09-Jun-16,N,Y
2016,RI,450,BR,450BR,2,17,F,A,08-Jun-16,N,Y
2016,RI,458,RH,458RH,2,17,F,A,17-Jun-16,N,Y
2016,RI,459,RH,459RH,2,17,M,A,15-Jun-16,N,Y
2016,RI,461,RH,461RH,2,17,M,A,16-Jun-16,N,Y
2016,RI,462,RH,462RH,2,17,M,A,17-Jun-16,N,Y
2016,RI,463,RH,463RH,2,17,M,A,17-Jun-16,N,Y
2016,RI,465,RH,465RH,2,17,M,A,15-Jun-16,N,Y
2016,RI,466,RH,466RH,2,17,F,A,17-Jun-16,N,Y
2016,RI,467,RH,467RH,2,17,F,A,15-Jun-16,N,Y
2016,RI,478,RH,478RH,2,17,F,A,15-Jun-16,N,Y
2016,RI,484,RH,484RH,2,17,M,A,15-Jun-16,N,Y
2016,RI,485,RH,485RH,2,17,F,A,16-Jun-16,N,Y
2016,RI,486,RH,486RH,2,17,F,A,15-Jun-16,Y,Y
2016,RI,487,RH,487RH,2,17,F,A,15-Jun-16,N,Y
2016,RI,488,RH,488RH,2,17,F,A,15-Jun-16,N,Y
2016,RI,490,RH,490RH,2,17,M,A,15-Jun-16,N,Y
2016,RI,498,RH,498RH,2,17,M,A,15-Jun-16,N,Y
2016,RI,501,RH,501RH,2,17,M,A,16-Jun-16,N,Y
2016,RI,504,MSR,504MSR,2,17,M,A,07-Jun-16,N,Y
2016,RI,505,MSR,505MSR,2,17,F,A,07-Jun-16,N,Y
2016,RI,506,MSR,506MSR,2,17,F,A,07-Jun-16,N,Y
2016,RI,507,MSR,507MSR,2,17,M,A,07-Jun-16,N,Y
2016,RI,508,MSR,508MSR,2,17,M,A,07-Jun-16,N,Y
2016,RI,509,MSR,509MSR,2,17,M,A,08-Jun-16,N,Y
2016,RI,511,MSR,511MSR,2,17,M,A,08-Jun-16,N,Y
2016,RI,512,MSR,512MSR,2,17,M,A,08-Jun-16,Y,Y
2016,RI,513,MSR,513MSR,2,17,F,A,08-Jun-16,N,Y
2016,RI,517,BR,517BR,2,17,F,A,08-Jun-16,N,Y
2016,RI,518,BR,518BR,2,17,F,A,08-Jun-16,N,Y
2016,RI,519,MSR,519MSR,2,17,M,J,09-Jun-16,N,Y
2016,RI,520,MSR,520MSR,2,17,F,J,09-Jun-16,N,Y
2016,RI,521,MSR,521MSR,2,17,F,J,09-Jun-16,N,Y
2016,RI,522,MSR,522MSR,2,17,M,A,09-Jun-16,N,Y
2016,RI,523,MSR,523MSR,2,17,M,A,09-Jun-16,N,Y
2016,RI,524,MSR,524MSR,2,17,M,A,09-Jun-16,N,Y
2016,RI,525,BR,525BR,2,17,F,A,09-Jun-16,N,Y
2016,RI,526,RH,526RH,2,17,M,J,15-Jun-16,N,Y
2016,RI,527,RH,527RH,2,17,F,A,15-Jun-16,N,Y
2016,RI,528,RH,528RH,2,17,F,A,15-Jun-16,N,Y
2016,RI,529,RH,529RH,2,17,M,A,15-Jun-16,N,Y
2016,RI,530,RH,530RH,2,17,M,J,15-Jun-16,N,Y
2016,RI,531,RH,531RH,2,17,F,A,15-Jun-16,N,Y
2016,RI,533,RH,533RH,2,17,F,A,16-Jun-16,N,Y
2016,RI,534,RH,534RH,2,17,M,J,16-Jun-16,N,Y
2016,RI,535,RH,535RH,2,17,M,A,16-Jun-16,N,Y
2016,RI,536,RH,536RH,2,17,M,A,16-Jun-16,N,Y
2016,RI,537,RH,537RH,2,17,M,A,16-Jun-16,N,Y
2016,RI,539,RH,539RH,2,17,M,J,16-Jun-16,N,Y
2016,RI,540,RH,540RH,2,17,F,J,16-Jun-16,N,Y
2016,RI,541,RH,541RH,2,17,F,J,16-Jun-16,N,Y
2016,RI,542,RH,542RH,2,17,F,A,17-Jun-16,N,Y
2016,RI,543,RH,543RH,2,17,F,A,17-Jun-16,N,Y
2016,RI,544,RH,544RH,2,17,F,J,17-Jun-16,N,Y
2014,CT,108,HT,108HT,3,3,F,J,06/10/2014,N,Y
2014,CT,110,LS,110LS,3,3,F,A,06/10/2014,N,N
2014,CT,112,LS,112LS,3,3,M,A,06/10/2014,N,Y
2014,CT,122,LC,122LC,3,3,F,J,6/17/2014,Y,Y
2014,CT,129,HT,129HT,3,3,F,J,06/10/2014,Y,Y
2014,CT,130,HT,130HT,3,3,M,J,06/10/2014,N,Y
2014,CT,138,HT,138HT,3,3,F,J,06/10/2014,Y,Y
2014,CT,140/545,LS,140/545LS,3,3,F,J,06/10/2014,N,Y
2014,CT,141,LS,141LS,3,3,F,A,06/10/2014,Y,Y
2014,CT,142,LS,142LS,3,3,M,A,06/10/2014,Y,Y
2014,CT,147,HT,147HT,3,3,F,A,06/10/2014,N,Y
2014,CT,149,HT,149HT,3,3,M,J,06/10/2014,Y,Y
2014,CT,156,HT,156HT,3,3,F,J,06/10/2014,Y,Y
2014,CT,157,LS,157LS,3,3,F,J,06/10/2014,N,Y
2014,CT,161/167,LS,161/167LS,3,3,M,J,06/10/2014,N,Y
2014,CT,163,LS,163LS,3,3,M,A,06/10/2014,Y,Y
2014,CT,165,HT,165HT,3,3,F,J,06/11/2014,Y,Y
2014,CT,168,LS,168LS,3,3,F,J,06/10/2014,N,Y
2014,CT,176,LC,176LC,3,3,M,A,6/17/2014,N,Y
2014,CT,180,LC,180LC,3,3,M,A,6/17/2014,N,Y
2014,CT,501,HT,501HT,3,3,F,J,06/10/2014,N,Y
2014,CT,504,LS,504LS,3,3,F,J,06/10/2014,N,N
2014,CT,505,LS,505LS,3,3,M,J,06/10/2014,N,Y
2014,CT,506,LS,506LS,3,3,F,J,06/10/2014,N,N
2014,CT,508,HT,508HT,3,3,M,J,06/11/2014,N,Y
2014,CT,509,HT,509HT,3,3,M,J,06/11/2014,N,Y
2014,CT,510,HT,510HT,3,3,M,J,06/11/2014,N,Y
2014,CT,511,LS,511LS,3,3,M,J,06/11/2014,N,N
2014,CT,518,LS,518LS,3,3,M,A,06/12/2014,Y,Y
2014,CT,520,LC,520LC,3,3,M,A,6/17/2014,N,N
2014,CT,521,LC,521LC,3,3,M,J,6/17/2014,N,Y
2014,CT,522,LC,522LC,3,3,M,J,6/17/2014,N,Y
2014,CT,527,LC,527LC,3,3,M,A,6/19/2014,N,N
2014,CT,530,LC,530LC,3,3,M,J,6/19/2014,N,N
2014,RI,122,RH,122RH,3,3,F,A,6/25/2014,N,N
2014,RI,123,RH,123RH,3,3,F,A,6/26/2014,N,N
2014,RI,124,RH,124RH,3,3,F,A,6/25/2014,N,Y
2014,RI,129,RH,129RH,3,3,M,A,6/26/2014,Y,Y
2014,RI,139,RH,139RH,3,3,M,A,6/25/2014,Y,Y
2014,RI,140,RH,140RH,3,3,F,J,6/25/2014,N,Y
2015,CT,713,LS,713LS,3,11,M,A,6/16/2015,Y,Y
2015,CT,714/729,HT,714/729HT,3,11,M,J,6/16/2015,Y,Y
2015,CT,715/728,HT,715/728HT,3,11,F,J,6/16/2015,N,N
2015,CT,717/726,HT,717/726HT,3,11,M,A,6/16/2015,Y,Y
2015,CT,720,LS,720LS,3,11,M,A,6/18/2015,Y,Y
2015,CT,725,HT,725HT,3,11,M,J,6/16/2015,N,Y
2015,CT,731,HT,731HT,3,11,M,J,6/17/2015,Y,Y
2015,CT,733,LC,733LC,3,11,M,J,6/23/2015,N,Y
2015,CT,734,LC,734LC,3,11,F,J,6/23/2015,N,Y
2015,CT,735,LC,735LC,3,11,M,J,6/23/2015,Y,N
2015,CT,736,LC,736LC,3,11,M,J,6/23/2015,N,Y
2015,CT,738,LC,738LC,3,11,M,A,6/23/2015,N,Y
2015,CT,741,LC,741LC,3,11,M,A,6/25/2015,Y,Y
2015,RI,105,MSR,105MSR,3,11,F,A,6/23/2015,Y,Y
2015,RI,160,BR,160BR,3,11,M,A,6/24/2015,Y,Y
2015,RI,201,MSR,201MSR,3,11,F,A,6/23/2015,Y,Y
2015,RI,205,BR,205BR,3,11,M,A,6/24/2015,Y,Y
2015,RI,223,RH,223RH,3,11,F,A,6/30/2015,Y,Y
2015,RI,255,BR,255BR,3,11,F,A,6/25/2015,Y,Y
2015,RI,258,RH,258RH,3,11,F,A,6/30/2015,Y,Y
2015,RI,261,RH,261RH,3,11,M,A,6/30/2015,Y,Y
2015,RI,263,RH,263RH,3,11,M,A,07/01/2015,Y,Y
2015,RI,266,RH,266RH,3,11,F,J,07/02/2015,Y,Y
2015,RI,269/304,RH,269/304RH,3,11,F,A,07/02/2015,Y,Y
2015,RI,276,RH,276RH,3,11,F,J,07/02/2015,N,Y
2015,RI,279,BR,279BR,3,11,F,A,6/23/2015,Y,Y
2015,RI,280,MSR,280MSR,3,11,M,A,6/23/2015,Y,Y
2015,RI,283,BR,283BR,3,11,M,J,6/25/2015,N,Y
2015,RI,285,RH,285RH,3,11,F,A,6/30/2015,Y,Y
2015,RI,287,RH,287RH,3,11,F,A,07/02/2015,N,Y
2015,RI,288,RH,288RH,3,11,M,A,6/30/2015,Y,Y
2015,RI,289,RH,289RH,3,11,M,A,07/01/2015,N,Y
2015,RI,290,RH,290RH,3,11,M,J,07/01/2015,Y,Y
2015,RI,291,RH,291RH,3,11,M,J,07/02/2015,N,N
2015,RI,293,RH,293RH,3,11,M,A,07/02/2015,Y,Y
2015,RI,294,RH,294RH,3,11,F,A,07/02/2015,N,Y
2015,RI,69,BR,69BR,3,11,M,A,6/23/2015,Y,Y
2016,CT,545,LC,545LC,3,18,M,A,28-Jun-16,N,Y
2016,CT,546,LC,546LC,3,18,M,J,28-Jun-16,N,Y
2016,CT,637,LS,637LS,3,18,F,A,23-Jun-16,N,Y
2016,CT,638,LS,638LS,3,18,M,J,23-Jun-16,N,Y
2016,CT,640,LS,640LS,3,18,M,J,23-Jun-16,N,Y
2016,CT,642,LS,642LS,3,18,F,J,23-Jun-16,Y,Y
2016,CT,643,LS,643LS,3,18,M,A,23-Jun-16,Y,Y
2016,CT,644,LS,644LS,3,18,F,J,23-Jun-16,N,Y
2016,CT,672,LC,672LC,3,18,M,A,28-Jun-16,N,N
2016,CT,673,LC,673LC,3,18,M,A,28-Jun-16,N,Y
2016,CT,674,LC,674LC,3,18,F,A,28-Jun-16,N,Y
2016,CT,675,LC,675LC,3,18,F,A,28-Jun-16,N,N
2016,CT,677,LC,677LC,3,18,F,A,30-Jun-16,N,Y
2016,CT,678,HT,678HT,3,18,M,A,23-Jun-16,Y,Y
2016,CT,680,LC,680LC,3,18,M,J,29-Jun-16,N,Y
2016,CT,681,LC,681LC,3,18,M,A,29-Jun-16,N,N
2016,CT,682,HT,682HT,3,18,M,J,23-Jun-16,Y,Y
2016,CT,685,LC,685LC,3,18,M,A,29-Jun-16,Y,Y
2016,CT,686,HT,686HT,3,18,M,J,23-Jun-16,N,Y
2016,CT,687,LC,687LC,3,18,M,J,29-Jun-16,N,Y
2016,CT,688,LC,688LC,3,18,M,A,29-Jun-16,Y,Y
2016,CT,689,LC,689LC,3,18,F,J,30-Jun-16,N,Y
2016,CT,691,LC,691LC,3,18,F,J,29-Jun-16,N,Y
2016,CT,694,LC,694LC,3,18,F,A,28-Jun-16,N,N
2016,CT,696,LC,696LC,3,18,M,A,30-Jun-16,N,Y
2016,CT,697,LC,697LC,3,18,F,J,29-Jun-16,N,Y
2016,CT,698,HT,698HT,3,18,M,A,23-Jun-16,N,Y
2016,CT,699,LC,699LC,3,18,M,J,30-Jun-16,N,Y
2016,CT,814,HT,814HT,3,18,F,A,23-Jun-16,N,Y
2016,CT,835,LS,835LS,3,18,F,A,22-Jun-16,N,Y
2016,CT,865,LC,865LC,3,18,F,A,28-Jun-16,Y,Y
2016,CT,873,LS,873LS,3,18,F,A,21-Jun-16,N,Y
2016,CT,878,LC,878LC,3,18,M,A,28-Jun-16,N,Y
2016,CT,882,LC,882LC,3,18,F,J,28-Jun-16,N,Y
2016,CT,888,LS,888LS,3,18,F,A,21-Jun-16,N,Y
2016,CT,893,LS,893LS,3,18,M,A,21-Jun-16,N,Y
2016,CT,901,LS,901LS,3,18,F,J,22-Jun-16,N,Y
2016,CT,905,LS,905LS,3,18,F,A,22-Jun-16,Y,Y
2016,CT,906,LS,906LS,3,18,F,A,22-Jun-16,N,Y
2016,CT,909,HT,909HT,3,18,F,A,22-Jun-16,N,Y
2016,CT,911,HT,911HT,3,18,M,A,22-Jun-16,N,Y
2016,CT,921,LC,921LC,3,18,M,A,28-Jun-16,N,Y
2016,CT,932,LS,932LS,3,18,M,A,22-Jun-16,N,Y
2016,CT,933,LS,933LS,3,18,F,A,21-Jun-16,N,Y
2016,CT,942,LC,942LC,3,18,M,A,28-Jun-16,N,Y
2016,CT,943,HT,943HT,3,18,F,J,21-Jun-16,Y,Y
2016,CT,944,LC,944LC,3,18,F,A,28-Jun-16,N,Y
2016,CT,945,LC,945LC,3,18,F,J,28-Jun-16,N,Y
2016,CT,948,HT,948HT,3,18,F,A,21-Jun-16,N,Y
2016,CT,951,HT,951HT,3,18,F,J,21-Jun-16,N,Y
2016,CT,954,HT,954HT,3,18,F,J,21-Jun-16,N,Y
2016,CT,956,LC,956LC,3,18,F,A,28-Jun-16,Y,Y
2016,CT,958,HT,958HT,3,18,M,A,21-Jun-16,N,Y
2016,CT,965,HT,965HT,3,18,M,A,21-Jun-16,N,Y
2016,CT,971,LC,971LC,3,18,M,A,28-Jun-16,N,Y
2016,CT,972,LC,972LC,3,18,F,J,28-Jun-16,N,Y
2016,CT,974,LC,974LC,3,18,M,A,28-Jun-16,N,Y
2016,CT,975,LS,975LS,3,18,M,A,22-Jun-16,N,Y
2016,CT,978,LC,978LC,3,18,F,J,30-Jun-16,N,Y
2016,CT,979,LC,979LC,3,18,M,A,28-Jun-16,N,Y
2016,CT,982,LS,982LS,3,18,M,J,21-Jun-16,N,Y
2016,CT,988,LC,988LC,3,18,M,A,28-Jun-16,Y,Y
2016,CT,990,HT,990HT,3,18,F,J,22-Jun-16,N,Y
2016,CT,991,LC,991LC,3,18,F,A,28-Jun-16,Y,Y
2016,RI,374,MSR,374MSR,3,18,M,A,22-Jun-16,N,Y
2016,RI,394,RH,394RH,3,18,M,A,30-Jun-16,Y,Y
2016,RI,402,BR,402BR,3,18,F,A,24-Jun-16,N,Y
2016,RI,403,BR,403BR,3,18,F,A,23-Jun-16,N,Y
2016,RI,405,BR,405BR,3,18,M,A,23-Jun-16,N,Y
2016,RI,411,BR,411BR,3,18,M,A,22-Jun-16,N,Y
2016,RI,412,BR,412BR,3,18,F,A,23-Jun-16,N,Y
2016,RI,416,MSR,416MSR,3,18,M,A,24-Jun-16,N,Y
2016,RI,418,MSR,418MSR,3,18,F,A,22-Jun-16,N,Y
2016,RI,419,MSR,419MSR,3,18,M,A,22-Jun-16,N,Y
2016,RI,422,MSR,422MSR,3,18,F,A,22-Jun-16,N,Y
2016,RI,426,MSR,426MSR,3,18,M,A,22-Jun-16,Y,Y
2016,RI,430,MSR,430MSR,3,18,F,A,24-Jun-16,N,Y
2016,RI,434,MSR,434MSR,3,18,F,A,22-Jun-16,N,Y
2016,RI,442,BR,442BR,3,18,M,A,22-Jun-16,N,Y
2016,RI,447,MSR,447MSR,3,18,F,A,22-Jun-16,N,Y
2016,RI,449,BR,449BR,3,18,F,A,23-Jun-16,Y,Y
2016,RI,450,BR,450BR,3,18,F,A,22-Jun-16,N,Y
2016,RI,451,BR,451BR,3,18,F,A,23-Jun-16,N,Y
2016,RI,457,BR,457BR,3,18,M,A,23-Jun-16,N,Y
2016,RI,461,RH,461RH,3,18,M,A,29-Jun-16,N,Y
2016,RI,463,RH,463RH,3,18,M,A,29-Jun-16,N,Y
2016,RI,464,RH,464RH,3,18,M,A,29-Jun-16,N,Y
2016,RI,465,RH,465RH,3,18,M,A,29-Jun-16,N,Y
2016,RI,466,RH,466RH,3,18,F,A,29-Jun-16,N,Y
2016,RI,472,RH,472RH,3,18,F,A,29-Jun-16,N,Y
2016,RI,476,RH,476RH,3,18,F,A,01-Jul-16,N,Y
2016,RI,478,RH,478RH,3,18,F,A,29-Jun-16,N,Y
2016,RI,479,RH,479RH,3,18,F,A,29-Jun-16,N,Y
2016,RI,482,RH,482RH,3,18,F,A,30-Jun-16,N,Y
2016,RI,484,RH,484RH,3,18,M,A,29-Jun-16,N,Y
2016,RI,486,RH,486RH,3,18,F,A,29-Jun-16,N,Y
2016,RI,487,RH,487RH,3,18,F,A,30-Jun-16,N,Y
2016,RI,488,RH,488RH,3,18,F,A,30-Jun-16,N,Y
2016,RI,489,RH,489RH,3,18,F,A,01-Jul-16,N,Y
2016,RI,490,RH,490RH,3,18,M,A,29-Jun-16,N,Y
2016,RI,492,RH,492RH,3,18,F,A,29-Jun-16,N,Y
2016,RI,498,RH,498RH,3,18,M,A,01-Jul-16,N,Y
2016,RI,499,RH,499RH,3,18,M,A,01-Jul-16,N,Y
2016,RI,502,RH,502RH,3,18,F,A,29-Jun-16,N,Y
2016,RI,509,MSR,509MSR,3,18,M,A,23-Jun-16,N,Y
2016,RI,510,MSR,510MSR,3,18,M,A,24-Jun-16,N,Y
2016,RI,518,BR,518BR,3,18,F,A,24-Jun-16,N,Y
2016,RI,522,MSR,522MSR,3,18,M,A,24-Jun-16,Y,Y
2016,RI,523,MSR,523MSR,3,18,M,A,22-Jun-16,N,Y
2016,RI,527,RH,527RH,3,18,F,A,29-Jun-16,N,Y
2016,RI,532,RH,532RH,3,18,M,A,01-Jul-16,N,Y
2016,RI,536,RH,536RH,3,18,M,A,29-Jun-16,N,Y
2016,RI,537,RH,537RH,3,18,M,A,29-Jun-16,N,Y
2016,RI,545,BR,545BR,3,18,M,A,22-Jun-16,N,Y
2016,RI,546,BR,546BR,3,18,F,A,22-Jun-16,N,Y
2016,RI,548,MSR,548MSR,3,18,M,A,22-Jun-16,N,Y
2016,RI,550,BR,550BR,3,18,F,J,23-Jun-16,N,Y
2016,RI,552,BR,552BR,3,18,M,A,23-Jun-16,N,Y
2016,RI,554,BR,554BR,3,18,M,J,24-Jun-16,N,Y
2016,RI,555,RH,555RH,3,18,M,J,29-Jun-16,N,Y
2016,RI,556,RH,556RH,3,18,M,J,29-Jun-16,N,Y
2016,RI,557,RH,557RH,3,18,M,A,29-Jun-16,N,Y
2016,RI,558,RH,558RH,3,18,M,A,29-Jun-16,N,Y
2016,RI,559,RH,559RH,3,18,M,J,29-Jun-16,N,Y
2016,RI,560,RH,560RH,3,18,F,A,29-Jun-16,N,Y
2016,RI,562,RH,562RH,3,18,F,A,30-Jun-16,N,Y
2016,RI,563,RH,563RH,3,18,M,A,30-Jun-16,N,Y
2016,RI,564,RH,564RH,3,18,M,J,01-Jul-16,N,Y
2016,RI,565,RH,565RH,3,18,F,A,01-Jul-16,N,Y
2016,RI,566,RH,566RH,3,18,M,J,01-Jul-16,N,Y
2014,CT,108,HT,108HT,4,4,F,J,6/24/2014,N,N
2014,CT,112,LS,112LS,4,4,M,A,6/24/2014,N,Y
2014,CT,129,HT,129HT,4,4,F,A,6/24/2014,Y,N
2014,CT,131,HT,131HT,4,4,M,A,6/25/2014,Y,Y
2014,CT,140/545,LS,140/545LS,4,4,F,J,6/24/2014,N,Y
2014,CT,142,LS,142LS,4,4,M,A,6/24/2014,N,Y
2014,CT,147,HT,147HT,4,4,F,A,6/24/2014,Y,Y
2014,CT,148,HT,148HT,4,4,M,A,6/24/2014,Y,Y
2014,CT,151,HT,151HT,4,4,M,A,6/24/2014,N,Y
2014,CT,153,HT,153HT,4,4,M,A,6/25/2014,Y,Y
2014,CT,154,HT,154HT,4,4,F,A,6/26/2014,Y,Y
2014,CT,156,HT,156HT,4,4,F,A,6/24/2014,Y,Y
2014,CT,157,LS,157LS,4,4,F,J,6/24/2014,N,Y
2014,CT,158/159,LS,158/159LS,4,4,M,A,6/24/2014,Y,N
2014,CT,162,LC,162LC,4,4,M,A,07/01/2014,N,Y
2014,CT,168,LS,168LS,4,4,F,J,6/24/2014,N,Y
2014,CT,180,LC,180LC,4,4,M,A,07/01/2014,N,Y
2014,CT,306,LC,306LC,4,4,M,J,07/01/2014,N,N
2014,CT,507/544,HT,507/544HT,4,4,M,A,6/26/2014,N,Y
2014,CT,511,LS,511LS,4,4,M,J,6/24/2014,N,Y
2014,CT,513,HT,513HT,4,4,M,J,6/24/2014,Y,Y
2014,CT,514,HT,514HT,4,4,M,J,6/24/2014,N,Y
2014,CT,517,LS,517LS,4,4,M,A,6/24/2014,N,Y
2014,CT,520,LC,520LC,4,4,M,A,07/01/2014,N,Y
2014,CT,522,LC,522LC,4,4,M,J,07/01/2014,Y,Y
2014,CT,523,LC,523LC,4,4,M,A,07/03/2014,N,Y
2014,CT,527,LC,527LC,4,4,M,A,07/01/2014,N,N
2014,CT,531,HT,531HT,4,4,M,A,6/24/2014,N,Y
2014,CT,532,HT,532HT,4,4,M,J,6/24/2014,N,N
2014,CT,533,HT,533HT,4,4,F,J,6/24/2014,N,N
2014,CT,534,HT,534HT,4,4,F,J,6/24/2014,N,N
2014,CT,535,HT,535HT,4,4,M,A,6/24/2014,N,Y
2014,CT,538/563,LS,538/563LS,4,4,F,J,6/24/2014,N,N
2014,CT,539,HT,539HT,4,4,M,A,6/25/2014,N,Y
2014,CT,540/182,HT,540/182HT,4,4,F,J,6/25/2014,N,Y
2014,CT,541,HT,541HT,4,4,M,A,6/25/2014,N,Y
2014,CT,542,HT,542HT,4,4,M,A,6/25/2014,Y,Y
2014,CT,543,LS,543LS,4,4,F,J,6/25/2014,N,N
2014,CT,549,LC,549LC,4,4,F,J,07/02/2014,N,Y
2014,CT,550,LC,550LC,4,4,M,A,07/01/2014,N,Y
2014,CT,551,LC,551LC,4,4,M,J,07/01/2014,N,Y
2014,CT,552,LC,552LC,4,4,F,J,07/01/2014,N,N
2014,CT,554,LC,554LC,4,4,F,A,07/01/2014,Y,Y
2014,CT,555,LC,555LC,4,4,M,A,07/02/2014,N,Y
2014,CT,556/557,LC,556/557LC,4,4,M,A,07/03/2014,N,N
2014,CT,558,LC,558LC,4,4,M,A,07/03/2014,N,Y
2014,RI,131,RH,131RH,4,4,M,A,07/10/2014,N,Y
2014,RI,148,RH,148RH,4,4,M,A,07/09/2014,N,Y
2015,CT,714/729,HT,714/729HT,4,12,M,A,6/30/2015,Y,Y
2015,CT,731,HT,731HT,4,12,M,A,07/01/2015,Y,Y
2015,CT,734,LC,734LC,4,12,F,J,07/07/2015,N,Y
2015,CT,737,LC,737LC,4,12,F,A,07/07/2015,Y,Y
2015,CT,739,LC,739LC,4,12,M,A,07/09/2015,Y,Y
2015,CT,742,HT,742HT,4,12,M,A,6/30/2015,N,N
2015,CT,743,LS,743LS,4,12,M,J,07/01/2015,N,N
2015,CT,744,HT,744HT,4,12,F,J,07/01/2015,Y,N
2015,CT,745,HT,745HT,4,12,F,J,07/01/2015,N,Y
2015,CT,746,HT,746HT,4,12,M,A,07/01/2015,Y,Y
2015,CT,747,HT,747HT,4,12,F,J,07/02/2015,N,Y
2015,CT,748,LC,748LC,4,12,M,J,07/07/2015,N,N
2015,CT,749,LC,749LC,4,12,M,A,07/07/2015,Y,Y
2015,CT,752,LC,752LC,4,12,F,J,07/08/2015,N,Y
2015,CT,753,LC,753LC,4,12,M,J,07/08/2015,N,Y
2015,CT,754,LC,754LC,4,12,M,J,07/08/2015,Y,Y
2015,RI,105,MSR,105MSR,4,12,F,A,07/08/2015,Y,Y
2015,RI,205,BR,205BR,4,12,M,A,07/08/2015,Y,Y
2015,RI,209/253,BR,209/253BR,4,12,F,A,07/08/2015,Y,Y
2015,RI,215,BR,215BR,4,12,F,A,07/09/2015,Y,Y
2015,RI,223,RH,223RH,4,12,F,A,7/15/2015,N,Y
2015,RI,238,BR,238BR,4,12,M,A,07/10/2015,Y,Y
2015,RI,254,BR,254BR,4,12,F,J,07/08/2015,Y,Y
2015,RI,255,BR,255BR,4,12,F,A,07/09/2015,N,Y
2015,RI,258,RH,258RH,4,12,F,A,7/15/2015,Y,Y
2015,RI,259,RH,259RH,4,12,M,A,7/17/2015,Y,Y
2015,RI,261,RH,261RH,4,12,M,A,7/15/2015,Y,Y
2015,RI,266,RH,266RH,4,12,F,A,7/16/2015,Y,Y
2015,RI,269/304,RH,269/304RH,4,12,F,A,7/15/2015,Y,Y
2015,RI,276,RH,276RH,4,12,F,J,7/16/2015,N,Y
2015,RI,279,BR,279BR,4,12,F,A,07/08/2015,Y,Y
2015,RI,282,BR,282BR,4,12,M,A,07/08/2015,Y,Y
2015,RI,283,BR,283BR,4,12,M,J,07/09/2015,Y,Y
2015,RI,285,RH,285RH,4,12,F,A,7/15/2015,Y,Y
2015,RI,289,RH,289RH,4,12,M,A,7/15/2015,Y,Y
2015,RI,290,RH,290RH,4,12,M,A,7/15/2015,Y,Y
2015,RI,293,RH,293RH,4,12,M,A,7/15/2015,Y,Y
2015,RI,296,BR,296BR,4,12,M,A,07/09/2015,Y,Y
2015,RI,297,BR,297BR,4,12,M,A,07/09/2015,N,Y
2015,RI,298,BR,298BR,4,12,F,A,07/08/2015,N,Y
2015,RI,299,BR,299BR,4,12,F,A,07/10/2015,Y,Y
2015,RI,301,MSR,301MSR,4,12,M,A,07/10/2015,N,N
2015,RI,302,RH,302RH,4,12,F,A,7/15/2015,Y,Y
2015,RI,303,RH,303RH,4,12,M,A,7/15/2015,Y,Y
2015,RI,305,RH,305RH,4,12,F,A,7/15/2015,Y,Y
2015,RI,307,RH,307RH,4,12,F,A,7/16/2015,Y,Y
2015,RI,309,RH,309RH,4,12,M,A,7/17/2015,Y,Y
2015,RI,69,BR,69BR,4,12,M,A,07/09/2015,Y,Y
2016,CT,401,LC,401LC,4,19,M,A,13-Jul-16,N,N
2016,CT,425,LC,425LC,4,19,M,A,14-Jul-16,N,Y
2016,CT,477,LC,477LC,4,19,F,A,13-Jul-16,N,N
2016,CT,478,LC,478LC,4,19,M,A,13-Jul-16,N,Y
2016,CT,481,LC,481LC,4,19,F,J,14-Jul-16,N,Y
2016,CT,482,LC,482LC,4,19,M,J,13-Jul-16,N,Y
2016,CT,483,LC,483LC,4,19,M,J,13-Jul-16,N,Y
2016,CT,484,LC,484LC,4,19,M,A,13-Jul-16,N,Y
2016,CT,488,LC,488LC,4,19,F,J,14-Jul-16,N,N
2016,CT,489,LC,489LC,4,19,M,J,12-Jul-16,N,Y
2016,CT,490,LC,490LC,4,19,F,A,12-Jul-16,N,Y
2016,CT,491,LC,491LC,4,19,M,J,12-Jul-16,N,Y
2016,CT,492,LC,492LC,4,19,M,J,12-Jul-16,N,N
2016,CT,493,LC,493LC,4,19,F,J,12-Jul-16,N,Y
2016,CT,494,LC,494LC,4,19,F,J,12-Jul-16,N,N
2016,CT,495,LC,495LC,4,19,M,J,12-Jul-16,N,N
2016,CT,496,LC,496LC,4,19,M,J,12-Jul-16,N,Y
2016,CT,497,LC,497LC,4,19,M,J,12-Jul-16,N,N
2016,CT,498,LC,498LC,4,19,M,A,12-Jul-16,N,Y
2016,CT,500,LC,500LC,4,19,M,A,12-Jul-16,N,Y
2016,CT,544,LC,544LC,4,19,M,A,12-Jul-16,Y,Y
2016,CT,546,LC,546LC,4,19,M,A,13-Jul-16,N,N
2016,CT,547,LC,547LC,4,19,F,A,14-Jul-16,N,Y
2016,CT,590,LS,590LS,4,19,M,J,05-Jul-16,Y,Y
2016,CT,637,LS,637LS,4,19,F,A,05-Jul-16,N,N
2016,CT,638,LS,638LS,4,19,M,A,05-Jul-16,N,Y
2016,CT,640,LS,640LS,4,19,M,A,05-Jul-16,N,Y
2016,CT,642,LS,642LS,4,19,F,A,05-Jul-16,N,Y
2016,CT,645,LS,645LS,4,19,F,A,12-Jul-16,N,Y
2016,CT,652,LC,652LC,4,19,M,A,12-Jul-16,Y,Y
2016,CT,654,HT,654HT,4,19,M,A,07-Jul-16,N,Y
2016,CT,655,LS,655LS,4,19,M,A,06-Jul-16,N,N
2016,CT,656,LS,656LS,4,19,M,J,06-Jul-16,Y,Y
2016,CT,657,LS,657LS,4,19,M,J,06-Jul-16,N,Y
2016,CT,658,HT,658HT,4,19,M,A,07-Jul-16,Y,Y
2016,CT,659,HT,659HT,4,19,M,A,06-Jul-16,N,Y
2016,CT,660,HT,660HT,4,19,M,J,07-Jul-16,N,Y
2016,CT,662,LS,662LS,4,19,F,J,07-Jul-16,N,Y
2016,CT,663,HT,663HT,4,19,F,J,06-Jul-16,N,Y
2016,CT,664,HT,664HT,4,19,F,J,06-Jul-16,Y,N
2016,CT,665,HT,665HT,4,19,M,J,06-Jul-16,N,N
2016,CT,666,HT,666HT,4,19,M,J,06-Jul-16,N,Y
2016,CT,667,HT,667HT,4,19,M,A,05-Jul-16,Y,Y
2016,CT,668,HT,668HT,4,19,M,J,05-Jul-16,N,Y
2016,CT,669,HT,669HT,4,19,M,J,05-Jul-16,N,Y
2016,CT,669,LC,669LC,4,19,M,J,13-Jul-16,N,Y
2016,CT,671,LS,671LS,4,19,M,J,05-Jul-16,N,Y
2016,CT,677,LC,677LC,4,19,F,A,12-Jul-16,N,N
2016,CT,679,LS,679LS,4,19,F,A,05-Jul-16,Y,Y
2016,CT,682,HT,682HT,4,19,M,A,05-Jul-16,Y,Y
2016,CT,686,HT,686HT,4,19,M,J,06-Jul-16,N,Y
2016,CT,687,LC,687LC,4,19,M,J,12-Jul-16,N,Y
2016,CT,689,LC,689LC,4,19,F,J,12-Jul-16,N,Y
2016,CT,691,LC,691LC,4,19,F,A,14-Jul-16,N,Y
2016,CT,694,LC,694LC,4,19,F,A,13-Jul-16,N,N
2016,CT,695,LC,695LC,4,19,M,A,12-Jul-16,N,Y
2016,CT,696,LC,696LC,4,19,M,A,14-Jul-16,Y,Y
2016,CT,697,LC,697LC,4,19,F,J,13-Jul-16,N,Y
2016,CT,699,LC,699LC,4,19,M,A,12-Jul-16,N,Y
2016,CT,700,LS,700LS,4,19,F,J,05-Jul-16,N,Y
2016,CT,833,LS,833LS,4,19,F,A,06-Jul-16,N,Y
2016,CT,835,LS,835LS,4,19,F,A,05-Jul-16,N,Y
2016,CT,853,LS,853LS,4,19,M,A,05-Jul-16,Y,Y
2016,CT,868,LS,868LS,4,19,F,A,05-Jul-16,N,Y
2016,CT,873,LS,873LS,4,19,F,A,05-Jul-16,N,Y
2016,CT,888,LS,888LS,4,19,F,A,05-Jul-16,Y,Y
2016,CT,893,LS,893LS,4,19,M,A,05-Jul-16,N,Y
2016,CT,901,LS,901LS,4,19,F,A,05-Jul-16,Y,Y
2016,CT,905,LS,905LS,4,19,F,A,05-Jul-16,Y,Y
2016,CT,908,LS,908LS,4,19,M,A,05-Jul-16,Y,Y
2016,CT,909,HT,909HT,4,19,F,A,05-Jul-16,N,Y
2016,CT,911,HT,911HT,4,19,M,A,05-Jul-16,Y,Y
2016,CT,916,HT,916HT,4,19,M,A,05-Jul-16,N,N
2016,CT,921,LC,921LC,4,19,M,A,13-Jul-16,Y,Y
2016,CT,924,LS,924LS,4,19,F,A,06-Jul-16,Y,Y
2016,CT,942,LC,942LC,4,19,M,A,12-Jul-16,N,Y
2016,CT,945,LC,945LC,4,19,F,A,12-Jul-16,N,N
2016,CT,948,HT,948HT,4,19,F,A,05-Jul-16,Y,Y
2016,CT,951,HT,951HT,4,19,F,A,05-Jul-16,N,Y
2016,CT,952,HT,952HT,4,19,F,A,05-Jul-16,Y,Y
2016,CT,956,LC,956LC,4,19,F,A,12-Jul-16,N,Y
2016,CT,964,HT,964HT,4,19,M,A,05-Jul-16,N,Y
2016,CT,965,HT,965HT,4,19,M,A,05-Jul-16,N,Y
2016,CT,972,LC,972LC,4,19,F,A,12-Jul-16,N,Y
2016,CT,974,LC,974LC,4,19,M,A,12-Jul-16,N,Y
2016,CT,978,LC,978LC,4,19,F,A,12-Jul-16,N,Y
2016,CT,982,LS,982LS,4,19,M,A,05-Jul-16,N,Y
2016,CT,984,HT,984HT,4,19,M,A,05-Jul-16,N,Y
2016,CT,988,LC,988LC,4,19,M,A,12-Jul-16,Y,Y
2016,CT,989,HT,989HT,4,19,F,J,05-Jul-16,N,Y
2016,CT,990,HT,990HT,4,19,F,J,05-Jul-16,Y,Y
2016,CT,991,LC,991LC,4,19,F,A,12-Jul-16,Y,Y
2016,RI,374,MSR,374MSR,4,19,M,A,07-Jul-16,N,Y
2016,RI,402,BR,402BR,4,19,F,A,06-Jul-16,N,Y
2016,RI,418,MSR,418MSR,4,19,F,A,07-Jul-16,N,Y
2016,RI,419,MSR,419MSR,4,19,M,A,07-Jul-16,N,Y
2016,RI,428,MSR,428MSR,4,19,M,A,06-Jul-16,Y,Y
2016,RI,438/581,MSR,438/581MSR,4,19,F,A,07-Jul-16,N,Y
2016,RI,442,BR,442BR,4,19,M,A,06-Jul-16,N,Y
2016,RI,449,BR,449BR,4,19,F,A,06-Jul-16,N,Y
2016,RI,460,RH,460RH,4,19,F,A,15-Jul-16,Y,Y
2016,RI,461,RH,461RH,4,19,M,A,13-Jul-16,N,Y
2016,RI,465,RH,465RH,4,19,M,A,14-Jul-16,N,Y
2016,RI,472,RH,472RH,4,19,F,A,13-Jul-16,N,Y
2016,RI,478,RH,478RH,4,19,F,A,13-Jul-16,N,Y
2016,RI,484,RH,484RH,4,19,M,A,13-Jul-16,N,Y
2016,RI,487,RH,487RH,4,19,F,A,13-Jul-16,N,Y
2016,RI,492,RH,492RH,4,19,F,A,13-Jul-16,N,Y
2016,RI,498,RH,498RH,4,19,M,A,15-Jul-16,Y,Y
2016,RI,499,RH,499RH,4,19,M,A,13-Jul-16,N,Y
2016,RI,509,MSR,509MSR,4,19,M,A,06-Jul-16,N,Y
2016,RI,510,MSR,510MSR,4,19,M,A,07-Jul-16,Y,Y
2016,RI,513,MSR,513MSR,4,19,F,A,08-Jul-16,N,Y
2016,RI,518,BR,518BR,4,19,F,A,06-Jul-16,N,Y
2016,RI,522,MSR,522MSR,4,19,M,A,06-Jul-16,N,Y
2016,RI,529,RH,529RH,4,19,M,A,13-Jul-16,N,Y
2016,RI,534,RH,534RH,4,19,M,J,14-Jul-16,Y,Y
2016,RI,535,RH,535RH,4,19,M,A,15-Jul-16,N,Y
2016,RI,536,RH,536RH,4,19,M,A,15-Jul-16,Y,Y
2016,RI,537,RH,537RH,4,19,M,A,14-Jul-16,N,Y
2016,RI,543,RH,543RH,4,19,F,A,13-Jul-16,N,Y
2016,RI,545,BR,545BR,4,19,M,A,08-Jul-16,N,Y
2016,RI,546,BR,546BR,4,19,F,A,07-Jul-16,N,Y
2016,RI,548,MSR,548MSR,4,19,M,A,07-Jul-16,Y,Y
2016,RI,558,RH,558RH,4,19,M,A,13-Jul-16,Y,Y
2016,RI,559,RH,559RH,4,19,M,A,13-Jul-16,N,Y
2016,RI,562,RH,562RH,4,19,F,A,13-Jul-16,N,Y
2016,RI,564,RH,564RH,4,19,M,A,15-Jul-16,N,Y
2016,RI,565,RH,565RH,4,19,F,A,13-Jul-16,N,Y
2016,RI,567,BR,567BR,4,19,F,A,06-Jul-16,N,Y
2016,RI,568,BR,568BR,4,19,M,A,06-Jul-16,N,Y
2016,RI,569,BR,569BR,4,19,M,A,06-Jul-16,N,Y
2016,RI,570,BR,570BR,4,19,M,J,06-Jul-16,N,Y
2016,RI,571,BR,571BR,4,19,F,A,06-Jul-16,N,Y
2016,RI,573,MSR,573MSR,4,19,F,J,06-Jul-16,N,Y
2016,RI,574,BR,574BR,4,19,M,A,07-Jul-16,N,Y
2016,RI,575,BR,575BR,4,19,M,A,07-Jul-16,N,Y
2016,RI,576,BR,576BR,4,19,F,A,07-Jul-16,N,Y
2016,RI,577,BR,577BR,4,19,F,J,07-Jul-16,N,Y
2016,RI,578,BR,578BR,4,19,F,A,07-Jul-16,N,Y
2016,RI,579,BR,579BR,4,19,M,J,07-Jul-16,N,Y
2016,RI,580,BR,580BR,4,19,F,A,07-Jul-16,N,Y
2016,RI,582,MSR,582MSR,4,19,F,A,07-Jul-16,N,Y
2016,RI,583,MSR,583MSR,4,19,F,A,07-Jul-16,N,Y
2016,RI,584,MSR,584MSR,4,19,M,A,08-Jul-16,N,Y
2016,RI,585,MSR,585MSR,4,19,M,A,08-Jul-16,N,Y
2016,RI,586,MSR,586MSR,4,19,M,A,08-Jul-16,N,Y
2016,RI,587,BR,587BR,4,19,F,A,08-Jul-16,Y,Y
2016,RI,588,BR,588BR,4,19,F,A,08-Jul-16,N,Y
2016,RI,589,RH,589RH,4,19,F,A,13-Jul-16,N,Y
2016,RI,590,RH,590RH,4,19,M,J,13-Jul-16,Y,Y
2016,RI,591,RH,591RH,4,19,F,A,13-Jul-16,N,Y
2016,RI,592,RH,592RH,4,19,F,J,13-Jul-16,N,Y
2016,RI,593,RH,593RH,4,19,M,A,14-Jul-16,N,Y
2016,RI,595,RH,595RH,4,19,M,A,14-Jul-16,N,Y
2016,RI,596,RH,596RH,4,19,M,A,14-Jul-16,Y,Y
2016,RI,597,RH,597RH,4,19,F,A,14-Jul-16,N,Y
2016,RI,598,RH,598RH,4,19,M,A,14-Jul-16,N,Y
2016,RI,599,RH,599RH,4,19,M,A,14-Jul-16,N,Y
2016,RI,601,RH,601RH,4,19,M,A,15-Jul-16,N,Y
2016,RI,602,RH,602RH,4,19,M,A,15-Jul-16,Y,Y
2014,CT,108,HT,108HT,5,5,F,A,07/08/2014,N,Y
2014,CT,131,HT,131HT,5,5,M,A,07/08/2014,N,Y
2014,CT,140/545,LS,140/545LS,5,5,F,A,07/08/2014,N,Y
2014,CT,142,LS,142LS,5,5,M,A,07/08/2014,Y,Y
2014,CT,147,HT,147HT,5,5,F,A,07/08/2014,N,Y
2014,CT,151,HT,151HT,5,5,M,A,07/08/2014,Y,Y
2014,CT,153,HT,153HT,5,5,M,A,07/08/2014,Y,Y
2014,CT,154,HT,154HT,5,5,F,A,07/09/2014,N,Y
2014,CT,156,HT,156HT,5,5,F,A,07/08/2014,N,Y
2014,CT,162,LC,162LC,5,5,M,A,7/15/2014,N,Y
2014,CT,165,HT,165HT,5,5,F,A,07/10/2014,Y,Y
2014,CT,167,HT,167HT,5,5,F,A,07/10/2014,N,Y
2014,CT,326,HT,326HT,5,5,M,A,07/08/2014,Y,Y
2014,CT,327,HT,327HT,5,5,M,A,07/08/2014,N,Y
2014,CT,507/544,HT,507/544HT,5,5,M,A,07/08/2014,N,Y
2014,CT,507/544,LC,507/544LC,5,5,M,A,7/16/2014,Y,Y
2014,CT,511,LS,511LS,5,5,M,A,07/08/2014,N,Y
2014,CT,514,HT,514HT,5,5,M,A,07/08/2014,Y,Y
2014,CT,515,HT,515HT,5,5,M,J,07/08/2014,N,Y
2014,CT,517,LS,517LS,5,5,M,A,07/08/2014,Y,Y
2014,CT,522,LC,522LC,5,5,M,A,7/15/2014,Y,Y
2014,CT,523,LC,523LC,5,5,M,A,7/17/2014,Y,Y
2014,CT,525,LC,525LC,5,5,M,A,7/16/2014,N,Y
2014,CT,527,LC,527LC,5,5,M,A,7/15/2014,Y,Y
2014,CT,529,LC,529LC,5,5,M,A,7/15/2014,Y,Y
2014,CT,531,HT,531HT,5,5,M,A,07/08/2014,N,Y
2014,CT,532,HT,532HT,5,5,M,J,07/08/2014,N,Y
2014,CT,533,HT,533HT,5,5,F,J,07/08/2014,N,Y
2014,CT,534,HT,534HT,5,5,F,J,07/08/2014,N,Y
2014,CT,535,HT,535HT,5,5,M,A,07/08/2014,N,Y
2014,CT,538/563,LS,538/563LS,5,5,F,A,07/08/2014,N,Y
2014,CT,540/182,HT,540/182HT,5,5,F,J,07/08/2014,N,Y
2014,CT,543,LS,543LS,5,5,F,A,07/10/2014,N,Y
2014,CT,546,LS,546LS,5,5,M,A,07/08/2014,N,Y
2014,CT,549,LC,549LC,5,5,F,J,7/15/2014,Y,Y
2014,CT,550,LC,550LC,5,5,M,A,7/15/2014,N,Y
2014,CT,552,LC,552LC,5,5,F,A,7/15/2014,N,N
2014,CT,553,LC,553LC,5,5,F,A,7/16/2014,N,Y
2014,CT,554,LC,554LC,5,5,F,A,7/16/2014,N,N
2014,CT,555,LC,555LC,5,5,M,A,7/15/2014,N,Y
2014,CT,556/557,LC,556/557LC,5,5,M,A,7/15/2014,N,N
2014,CT,559,LS,559LS,5,5,M,J,07/08/2014,N,N
2014,CT,561,HT,561HT,5,5,M,J,07/09/2014,N,N
2014,CT,564,LC,564LC,5,5,M,A,7/15/2014,N,N
2014,CT,565,LC,565LC,5,5,M,J,7/16/2014,N,N
2014,CT,566,LC,566LC,5,5,M,A,7/16/2014,N,Y
2014,CT,567,LC,567LC,5,5,M,A,7/15/2014,N,Y
2014,CT,568,LC,568LC,5,5,M,A,7/15/2014,N,Y
2014,CT,569,LC,569LC,5,5,M,A,7/16/2014,N,Y
2014,CT,570,LC,570LC,5,5,F,A,7/15/2014,N,Y
2014,CT,571,LC,571LC,5,5,F,J,7/17/2014,N,Y
2014,CT,572,LC,572LC,5,5,F,J,7/17/2014,Y,Y
2014,CT,574,LC,574LC,5,5,F,A,7/17/2014,Y,N
2014,CT,575,LC,575LC,5,5,M,J,7/17/2014,N,N
2014,RI,123,RH,123RH,5,5,F,A,7/24/2014,Y,Y
2014,RI,129,RH,129RH,5,5,M,A,7/24/2014,Y,Y
2014,RI,139,RH,139RH,5,5,M,A,7/23/2014,Y,Y
2014,RI,143,RH,143RH,5,5,M,A,7/25/2014,N,Y
2014,RI,156,RH,156RH,5,5,F,A,7/24/2014,N,Y
2014,RI,157,RH,157RH,5,5,M,J,7/25/2014,N,N
2015,CT,714/729,HT,714/729HT,5,13,M,A,7/14/2015,Y,Y
2015,CT,734,LC,734LC,5,13,F,A,7/23/2015,Y,Y
2015,CT,737,LC,737LC,5,13,F,A,7/21/2015,Y,Y
2015,CT,740,LC,740LC,5,13,M,A,7/23/2015,Y,Y
2015,CT,744,HT,744HT,5,13,F,A,7/15/2015,Y,Y
2015,CT,752,LC,752LC,5,13,F,A,7/22/2015,Y,Y
2015,CT,753,LC,753LC,5,13,M,A,7/21/2015,Y,Y
2015,CT,755,LC,755LC,5,13,F,A,7/22/2015,N,N
2015,CT,756,LC,756LC,5,13,M,A,7/21/2015,N,N
2015,CT,760/799,HT,760/799HT,5,13,M,J,7/14/2015,N,Y
2015,CT,761,HT,761HT,5,13,F,J,7/14/2015,N,Y
2015,CT,763,HT,763HT,5,13,M,A,7/14/2015,Y,Y
2015,CT,764,HT,764HT,5,13,M,A,7/14/2015,Y,Y
2015,CT,766/802,LS,766/802LS,5,13,M,J,7/15/2015,Y,Y
2015,CT,771,LS,771LS,5,13,M,J,7/16/2015,Y,Y
2015,CT,772,LS,772LS,5,13,F,J,7/16/2015,N,N
2015,CT,773,LC,773LC,5,13,F,J,7/21/2015,N,N
2015,CT,774,LC,774LC,5,13,M,A,7/21/2015,Y,Y
2015,CT,775,LC,775LC,5,13,F,A,7/21/2015,N,Y
2015,CT,776,LC,776LC,5,13,M,J,7/21/2015,N,N
2015,CT,778,LC,778LC,5,13,M,A,7/21/2015,N,Y
2015,CT,779,LC,779LC,5,13,M,A,7/21/2015,Y,Y
2015,CT,781,LC,781LC,5,13,F,A,7/22/2015,Y,N
2015,CT,785,LC,785LC,5,13,M,A,7/23/2015,Y,Y
2015,CT,787,LC,787LC,5,13,M,J,7/23/2015,N,N
2015,CT,800,LC,800LC,5,13,M,A,7/22/2015,Y,N
2015,RI,105,MSR,105MSR,5,13,F,A,7/24/2015,Y,Y
2015,RI,205,BR,205BR,5,13,M,A,7/22/2015,Y,Y
2015,RI,223,RH,223RH,5,13,F,A,7/30/2015,Y,Y
2015,RI,238,BR,238BR,5,13,M,A,7/22/2015,Y,Y
2015,RI,248,BR,248BR,5,13,M,A,7/23/2015,Y,Y
2015,RI,255,BR,255BR,5,13,F,A,7/22/2015,Y,Y
2015,RI,258,RH,258RH,5,13,F,A,7/29/2015,Y,Y
2015,RI,276,RH,276RH,5,13,F,A,7/29/2015,Y,Y
2015,RI,280,MSR,280MSR,5,13,M,A,7/24/2015,Y,Y
2015,RI,282,BR,282BR,5,13,M,A,7/23/2015,Y,Y
2015,RI,283,BR,283BR,5,13,M,A,7/22/2015,Y,Y
2015,RI,284,BR,284BR,5,13,M,A,7/24/2015,Y,Y
2015,RI,285,RH,285RH,5,13,F,A,7/30/2015,Y,Y
2015,RI,286,RH,286RH,5,13,M,A,7/29/2015,Y,Y
2015,RI,296,BR,296BR,5,13,M,A,7/24/2015,Y,Y
2015,RI,298,BR,298BR,5,13,F,A,7/22/2015,Y,Y
2015,RI,299,BR,299BR,5,13,F,A,7/22/2015,Y,Y
2015,RI,302,RH,302RH,5,13,F,A,7/29/2015,Y,Y
2015,RI,303,RH,303RH,5,13,M,A,7/31/2015,N,Y
2015,RI,308,RH,308RH,5,13,F,A,7/29/2015,Y,N
2015,RI,309,RH,309RH,5,13,M,A,7/29/2015,Y,Y
2015,RI,311,BR,311BR,5,13,F,J,7/22/2015,N,Y
2015,RI,312,MSR,312MSR,5,13,M,J,7/22/2015,N,N
2015,RI,314,MSR,314MSR,5,13,F,A,7/23/2015,Y,Y
2015,RI,315,MSR,315MSR,5,13,M,J,7/23/2015,N,N
2015,RI,316,MSR,316MSR,5,13,M,A,7/23/2015,Y,Y
2015,RI,318,MSR,318MSR,5,13,M,A,7/23/2015,N,Y
2015,RI,320,MSR,320MSR,5,13,F,J,7/24/2015,N,N
2015,RI,322,MSR,322MSR,5,13,F,J,7/24/2015,N,N
2015,RI,323,BR,323BR,5,13,M,A,7/24/2015,Y,Y
2015,RI,324,BR,324BR,5,13,M,A,7/24/2015,Y,Y
2015,RI,325,BR,325BR,5,13,F,J,7/24/2015,N,Y
2015,RI,326,RH,326RH,5,13,F,A,7/29/2015,Y,Y
2015,RI,327,RH,327RH,5,13,M,A,7/29/2015,Y,Y
2015,RI,328,RH,328RH,5,13,M,A,7/29/2015,Y,Y
2015,RI,329,RH,329RH,5,13,M,A,7/29/2015,Y,Y
2015,RI,332,RH,332RH,5,13,F,J,7/30/2015,N,N
2015,RI,333,RH,333RH,5,13,F,J,7/31/2015,N,Y
2015,RI,334,RH,334RH,5,13,M,A,7/31/2015,Y,Y
2015,RI,335,RH,335RH,5,13,F,A,7/31/2015,Y,Y
2015,RI,337,RH,337RH,5,13,M,A,7/31/2015,Y,Y
2015,RI,69,BR,69BR,5,13,M,A,7/22/2015,Y,Y
2016,CT,401,LC,401LC,5,20,M,A,27-Jul-16,Y,Y
2016,CT,402,LS,402LS,5,20,F,J,20-Jul-16,N,Y
2016,CT,403,HT,403HT,5,20,F,J,19-Jul-16,N,Y
2016,CT,404,LS,404LS,5,20,M,J,20-Jul-16,N,Y
2016,CT,405,LS,405LS,5,20,M,J,20-Jul-16,N,Y
2016,CT,406,HT,406HT,5,20,M,J,19-Jul-16,N,Y
2016,CT,407,LS,407LS,5,20,M,J,20-Jul-16,Y,Y
2016,CT,420,HT,420HT,5,20,M,J,21-Jul-16,N,Y
2016,CT,421,HT,421HT,5,20,F,J,19-Jul-16,N,Y
2016,CT,422,HT,422HT,5,20,M,J,19-Jul-16,N,Y
2016,CT,423,LS,423LS,5,20,M,A,19-Jul-16,Y,Y
2016,CT,424,LS,424LS,5,20,M,J,19-Jul-16,Y,Y
2016,CT,426,LC,426LC,5,20,M,J,28-Jul-16,N,Y
2016,CT,427,LC,427LC,5,20,M,J,26-Jul-16,N,Y
2016,CT,429,LC,429LC,5,20,M,A,26-Jul-16,N,Y
2016,CT,432,LC,432LC,5,20,F,J,28-Jul-16,N,Y
2016,CT,433,LC,433LC,5,20,F,A,26-Jul-16,N,Y
2016,CT,435,LC,435LC,5,20,M,J,27-Jul-16,N,Y
2016,CT,436,LC,436LC,5,20,M,J,26-Jul-16,N,Y
2016,CT,438,LS,438LS,5,20,M,J,21-Jul-16,Y,Y
2016,CT,439,LS,439LS,5,20,M,A,21-Jul-16,Y,Y
2016,CT,441,HT,441HT,5,20,M,A,21-Jul-16,Y,Y
2016,CT,441,LS,441LS,5,20,F,J,21-Jul-16,Y,Y
2016,CT,442,HT,442HT,5,20,M,A,21-Jul-16,Y,Y
2016,CT,443,HT,443HT,5,20,M,A,21-Jul-16,N,Y
2016,CT,445,HT,445HT,5,20,M,J,20-Jul-16,N,Y
2016,CT,446,HT,446HT,5,20,F,J,20-Jul-16,N,Y
2016,CT,447,HT,447HT,5,20,F,J,20-Jul-16,N,Y
2016,CT,448,HT,448HT,5,20,F,J,20-Jul-16,N,Y
2016,CT,449,HT,449HT,5,20,F,J,20-Jul-16,N,Y
2016,CT,450,HT,450HT,5,20,M,J,19-Jul-16,N,Y
2016,CT,477,LC,477LC,5,20,F,A,28-Jul-16,N,Y
2016,CT,478,LC,478LC,5,20,M,A,26-Jul-16,N,Y
2016,CT,479,LS,479LS,5,20,F,J,20-Jul-16,N,Y
2016,CT,480,LS,480LS,5,20,M,J,19-Jul-16,Y,Y
2016,CT,481,LC,481LC,5,20,F,A,26-Jul-16,N,Y
2016,CT,483,LC,483LC,5,20,M,J,26-Jul-16,N,Y
2016,CT,484,LC,484LC,5,20,M,A,27-Jul-16,N,Y
2016,CT,486,LC,486LC,5,20,M,A,26-Jul-16,N,Y
2016,CT,487,LS,487LS,5,20,M,J,19-Jul-16,Y,Y
2016,CT,489,LC,489LC,5,20,M,A,26-Jul-16,Y,Y
2016,CT,492,LC,492LC,5,20,M,J,26-Jul-16,Y,Y
2016,CT,494,LC,494LC,5,20,F,J,26-Jul-16,N,Y
2016,CT,495,LC,495LC,5,20,M,A,26-Jul-16,N,Y
2016,CT,497,LC,497LC,5,20,M,A,26-Jul-16,N,Y
2016,CT,499,LS,499LS,5,20,M,A,19-Jul-16,Y,Y
2016,CT,544,LC,544LC,5,20,M,A,26-Jul-16,Y,Y
2016,CT,546,LC,546LC,5,20,M,A,26-Jul-16,Y,Y
2016,CT,547,LC,547LC,5,20,F,A,28-Jul-16,Y,Y
2016,CT,569,LC,569LC,5,20,M,A,26-Jul-16,N,Y
2016,CT,637,LS,637LS,5,20,F,A,19-Jul-16,N,N
2016,CT,644,LS,644LS,5,20,F,A,19-Jul-16,Y,Y
2016,CT,652,LC,652LC,5,20,M,A,26-Jul-16,N,Y
2016,CT,654,HT,654HT,5,20,M,A,20-Jul-16,N,Y
2016,CT,655,LS,655LS,5,20,M,A,19-Jul-16,N,Y
2016,CT,656,LS,656LS,5,20,M,J,19-Jul-16,N,Y
2016,CT,658,HT,658HT,5,20,M,A,21-Jul-16,N,Y
2016,CT,659,HT,659HT,5,20,M,A,19-Jul-16,N,Y
2016,CT,661,LS,661LS,5,20,F,A,20-Jul-16,Y,Y
2016,CT,662,LS,662LS,5,20,F,A,19-Jul-16,Y,Y
2016,CT,665,HT,665HT,5,20,M,A,19-Jul-16,N,Y
2016,CT,666,HT,666HT,5,20,M,J,19-Jul-16,N,Y
2016,CT,667,HT,667HT,5,20,M,A,19-Jul-16,Y,Y
2016,CT,669,LC,669LC,5,20,M,A,28-Jul-16,N,Y
2016,CT,670,LS,670LS,5,20,M,A,19-Jul-16,Y,Y
2016,CT,678,HT,678HT,5,20,M,A,21-Jul-16,Y,Y
2016,CT,684,HT,684HT,5,20,M,A,19-Jul-16,Y,Y
2016,CT,686,HT,686HT,5,20,M,A,19-Jul-16,N,Y
2016,CT,687,LC,687LC,5,20,M,A,26-Jul-16,N,Y
2016,CT,691,LC,691LC,5,20,F,A,26-Jul-16,N,Y
2016,CT,695,LC,695LC,5,20,M,A,27-Jul-16,N,Y
2016,CT,696,LC,696LC,5,20,M,A,27-Jul-16,Y,Y
2016,CT,697,LC,697LC,5,20,F,A,26-Jul-16,N,Y
2016,CT,698,HT,698HT,5,20,M,A,19-Jul-16,N,Y
2016,CT,700,LS,700LS,5,20,F,J,19-Jul-16,N,Y
2016,CT,833,LS,833LS,5,20,F,A,19-Jul-16,Y,Y
2016,CT,868,LS,868LS,5,20,F,A,19-Jul-16,N,Y
2016,CT,911,HT,911HT,5,20,M,A,19-Jul-16,Y,Y
2016,CT,924,LS,924LS,5,20,F,A,19-Jul-16,N,Y
2016,CT,941,LS,941LS,5,20,M,A,19-Jul-16,Y,Y
2016,CT,956,LC,956LC,5,20,F,A,26-Jul-16,N,Y
2016,CT,956,LC,956LC,5,20,F,A,27-Jul-16,N,Y
2016,CT,990,HT,990HT,5,20,F,J,20-Jul-16,N,Y
2016,RI,374,MSR,374MSR,5,20,M,A,22-Jul-16,N,Y
2016,RI,404,BR,404BR,5,20,M,A,21-Jul-16,N,Y
2016,RI,411,BR,411BR,5,20,M,A,21-Jul-16,N,Y
2016,RI,413,BR,413BR,5,20,M,A,21-Jul-16,N,Y
2016,RI,416,MSR,416MSR,5,20,M,A,21-Jul-16,N,Y
2016,RI,428,MSR,428MSR,5,20,M,A,20-Jul-16,N,Y
2016,RI,434,MSR,434MSR,5,20,F,A,21-Jul-16,N,Y
2016,RI,438/581,MSR,438/581MSR,5,20,F,A,20-Jul-16,N,Y
2016,RI,442,BR,442BR,5,20,M,A,20-Jul-16,N,Y
2016,RI,451,BR,451BR,5,20,F,A,20-Jul-16,N,Y
2016,RI,457,BR,457BR,5,20,M,A,20-Jul-16,N,Y
2016,RI,465,RH,465RH,5,20,M,A,29-Jul-16,N,Y
2016,RI,476,RH,476RH,5,20,F,A,29-Jul-16,N,Y
2016,RI,478,RH,478RH,5,20,F,A,27-Jul-16,Y,Y
2016,RI,484,RH,484RH,5,20,M,A,29-Jul-16,N,Y
2016,RI,487,RH,487RH,5,20,F,A,28-Jul-16,N,Y
2016,RI,488,RH,488RH,5,20,F,A,28-Jul-16,N,Y
2016,RI,492,RH,492RH,5,20,F,A,28-Jul-16,N,Y
2016,RI,496,RH,496RH,5,20,F,A,28-Jul-16,Y,Y
2016,RI,498,RH,498RH,5,20,M,A,27-Jul-16,Y,Y
2016,RI,499,RH,499RH,5,20,M,A,27-Jul-16,N,Y
2016,RI,504,MSR,504MSR,5,20,M,A,21-Jul-16,N,Y
2016,RI,509,MSR,509MSR,5,20,M,A,21-Jul-16,Y,Y
2016,RI,512,MSR,512MSR,5,20,M,A,20-Jul-16,N,Y
2016,RI,514,MSR,514MSR,5,20,F,A,20-Jul-16,N,Y
2016,RI,516,BR,516BR,5,20,M,A,22-Jul-16,N,Y
2016,RI,522,MSR,522MSR,5,20,M,A,20-Jul-16,Y,Y
2016,RI,532,RH,532RH,5,20,M,A,27-Jul-16,N,Y
2016,RI,536,RH,536RH,5,20,M,A,28-Jul-16,N,Y
2016,RI,541,RH,541RH,5,20,F,A,27-Jul-16,N,Y
2016,RI,543,RH,543RH,5,20,F,A,27-Jul-16,N,Y
2016,RI,546,BR,546BR,5,20,F,A,21-Jul-16,N,Y
2016,RI,552,BR,552BR,5,20,M,A,21-Jul-16,N,Y
2016,RI,553,MSR,553MSR,5,20,F,A,21-Jul-16,N,Y
2016,RI,558,RH,558RH,5,20,M,A,28-Jul-16,N,Y
2016,RI,559,RH,559RH,5,20,M,A,27-Jul-16,N,Y
2016,RI,562,RH,562RH,5,20,F,A,27-Jul-16,N,Y
2016,RI,562,RH,562RH,5,20,F,A,28-Jul-16,N,Y
2016,RI,564,RH,564RH,5,20,M,A,28-Jul-16,N,Y
2016,RI,568,BR,568BR,5,20,M,A,22-Jul-16,N,Y
2016,RI,572,MSR,572MSR,5,20,M,A,21-Jul-16,N,Y
2016,RI,575,BR,575BR,5,20,M,A,20-Jul-16,N,Y
2016,RI,576,BR,576BR,5,20,F,A,21-Jul-16,N,Y
2016,RI,580,BR,580BR,5,20,F,A,22-Jul-16,N,Y
2016,RI,584,MSR,584MSR,5,20,M,A,22-Jul-16,N,Y
2016,RI,585,MSR,585MSR,5,20,M,A,20-Jul-16,N,Y
2016,RI,586,MSR,586MSR,5,20,M,A,21-Jul-16,N,Y
2016,RI,589,RH,589RH,5,20,F,A,27-Jul-16,N,Y
2016,RI,591,RH,591RH,5,20,F,A,29-Jul-16,N,Y
2016,RI,593,RH,593RH,5,20,M,A,29-Jul-16,N,Y
2016,RI,595,RH,595RH,5,20,M,A,27-Jul-16,Y,Y
2016,RI,596,RH,596RH,5,20,M,A,27-Jul-16,N,Y
2016,RI,597,RH,597RH,5,20,F,A,27-Jul-16,Y,Y
2016,RI,598,RH,598RH,5,20,M,A,29-Jul-16,N,Y
2016,RI,601,RH,601RH,5,20,M,A,28-Jul-16,N,Y
2016,RI,602,RH,602RH,5,20,M,A,29-Jul-16,N,Y
2016,RI,603,BR,603BR,5,20,F,A,20-Jul-16,N,Y
2016,RI,604,BR,604BR,5,20,F,A,20-Jul-16,N,Y
2016,RI,605,BR,605BR,5,20,F,A,20-Jul-16,N,Y
2016,RI,606,MSR,606MSR,5,20,F,A,20-Jul-16,N,Y
2016,RI,607,MSR,607MSR,5,20,M,A,20-Jul-16,N,Y
2016,RI,608,MSR,608MSR,5,20,M,A,20-Jul-16,N,Y
2016,RI,609,BR,609BR,5,20,F,A,21-Jul-16,N,Y
2016,RI,610,BR,610BR,5,20,F,J,21-Jul-16,N,Y
2016,RI,611,BR,611BR,5,20,M,A,21-Jul-16,N,Y
2016,RI,612,BR,612BR,5,20,M,J,21-Jul-16,N,Y
2016,RI,613,BR,613BR,5,20,M,J,21-Jul-16,N,Y
2016,RI,614,MSR,614MSR,5,20,F,J,21-Jul-16,N,Y
2016,RI,615,MSR,615MSR,5,20,M,A,21-Jul-16,N,Y
2016,RI,616,MSR,616MSR,5,20,M,J,21-Jul-16,N,Y
2016,RI,617,MSR,617MSR,5,20,F,J,21-Jul-16,N,Y
2016,RI,619,BR,619BR,5,20,M,A,22-Jul-16,N,Y
2016,RI,620,BR,620BR,5,20,F,A,22-Jul-16,N,Y
2016,RI,621,BR,621BR,5,20,F,A,22-Jul-16,N,Y
2016,RI,622,MSR,622MSR,5,20,M,A,22-Jul-16,N,Y
2016,RI,623,MSR,623MSR,5,20,F,A,22-Jul-16,N,Y
2016,RI,624,MSR,624MSR,5,20,F,J,22-Jul-16,N,N
2016,RI,625,MSR,625MSR,5,20,F,A,22-Jul-16,N,Y
2016,RI,626,RH,626RH,5,20,M,A,27-Jul-16,N,Y
2016,RI,627,RH,627RH,5,20,M,A,28-Jul-16,N,Y
2016,RI,628,RH,628RH,5,20,M,J,28-Jul-16,N,Y
2016,RI,629,RH,629RH,5,20,M,J,28-Jul-16,N,Y
2016,RI,630,RH,630RH,5,20,M,J,28-Jul-16,N,Y
2016,RI,631,RH,631RH,5,20,M,J,28-Jul-16,N,Y
2016,RI,632,RH,632RH,5,20,M,A,28-Jul-16,Y,Y
2016,RI,633,RH,633RH,5,20,M,J,28-Jul-16,N,Y
2016,RI,634,RH,634RH,5,20,F,J,28-Jul-16,N,Y
2016,RI,635,RH,635RH,5,20,M,J,28-Jul-16,Y,Y
2016,RI,636,RH,636RH,5,20,F,A,28-Jul-16,N,Y
2016,RI,637,RH,637RH,5,20,M,A,28-Jul-16,N,Y
2016,RI,640,RH,640RH,5,20,M,A,29-Jul-16,N,Y
2016,RI,641,RH,641RH,5,20,F,A,29-Jul-16,N,Y
2016,RI,642,RH,642RH,5,20,M,J,29-Jul-16,N,Y
2014,CT,108,HT,108HT,6,6,F,A,7/22/2014,N,N
2014,CT,131,HT,131HT,6,6,M,A,7/22/2014,N,Y
2014,CT,147,HT,147HT,6,6,F,A,7/22/2014,Y,N
2014,CT,148,HT,148HT,6,6,M,A,7/22/2014,Y,Y
2014,CT,151,HT,151HT,6,6,M,A,7/22/2014,Y,Y
2014,CT,154,HT,154HT,6,6,F,A,7/24/2014,N,N
2014,CT,156,HT,156HT,6,6,F,A,7/22/2014,Y,Y
2014,CT,158/159,LS,158/159LS,6,6,M,A,7/22/2014,Y,Y
2014,CT,165,HT,165HT,6,6,F,A,7/23/2014,Y,Y
2014,CT,307,LC,307LC,6,6,M,A,7/29/2014,Y,Y
2014,CT,310,LC,310LC,6,6,F,A,7/29/2014,Y,N
2014,CT,311,LC,311LC,6,6,M,A,7/29/2014,N,Y
2014,CT,326,HT,326HT,6,6,M,A,7/24/2014,N,Y
2014,CT,327,HT,327HT,6,6,M,A,7/22/2014,N,Y
2014,CT,507/544,HT,507/544HT,6,6,M,A,7/22/2014,N,Y
2014,CT,510,HT,510HT,6,6,M,A,7/24/2014,Y,Y
2014,CT,514,HT,514HT,6,6,M,A,7/22/2014,N,Y
2014,CT,515,HT,515HT,6,6,M,A,7/22/2014,N,Y
2014,CT,518,LS,518LS,6,6,M,A,7/23/2014,N,Y
2014,CT,522,LC,522LC,6,6,M,A,7/29/2014,Y,Y
2014,CT,523,LC,523LC,6,6,M,A,7/30/2014,N,Y
2014,CT,527,LC,527LC,6,6,M,A,7/29/2014,Y,Y
2014,CT,532,HT,532HT,6,6,M,A,7/22/2014,N,Y
2014,CT,533,HT,533HT,6,6,F,A,7/23/2014,N,Y
2014,CT,538/563,LS,538/563LS,6,6,F,A,7/22/2014,N,Y
2014,CT,540/182,HT,540/182HT,6,6,F,A,7/23/2014,N,Y
2014,CT,542,HT,542HT,6,6,M,A,7/22/2014,Y,Y
2014,CT,549,LC,549LC,6,6,F,A,7/29/2014,Y,Y
2014,CT,550,LC,550LC,6,6,M,A,7/29/2014,Y,Y
2014,CT,552,LC,552LC,6,6,F,A,7/29/2014,N,N
2014,CT,553,LC,553LC,6,6,F,A,7/29/2014,N,Y
2014,CT,554,LC,554LC,6,6,F,A,7/29/2014,N,Y
2014,CT,555,LC,555LC,6,6,M,A,7/29/2014,N,Y
2014,CT,556/557,LC,556/557LC,6,6,M,A,7/29/2014,Y,N
2014,CT,561,HT,561HT,6,6,M,J,7/22/2014,N,N
2014,CT,564,LC,564LC,6,6,M,A,7/29/2014,Y,Y
2014,CT,568,LC,568LC,6,6,M,A,7/29/2014,Y,Y
2014,CT,569,LC,569LC,6,6,M,A,7/30/2014,N,Y
2014,CT,570,LC,570LC,6,6,F,A,7/29/2014,Y,Y
2014,CT,571,LC,571LC,6,6,F,A,7/30/2014,N,Y
2014,CT,573,LC,573LC,6,6,M,J,7/29/2014,N,Y
2014,CT,575,LC,575LC,6,6,M,A,7/29/2014,N,N
2014,CT,578,HT,578HT,6,6,F,J,7/22/2014,N,Y
2014,CT,579,LS,579LS,6,6,M,A,7/22/2014,N,Y
2014,CT,580,LS,580LS,6,6,M,A,7/22/2014,Y,Y
2014,CT,581,LS,581LS,6,6,M,J,7/22/2014,N,Y
2014,CT,582,LS,582LS,6,6,F,A,7/23/2014,N,Y
2014,CT,584,LS,584LS,6,6,M,A,7/23/2014,N,Y
2014,CT,585,LS,585LS,6,6,F,A,7/23/2014,Y,Y
2014,CT,588,LS,588LS,6,6,F,A,7/24/2014,Y,Y
2014,CT,589,LC,589LC,6,6,M,A,7/29/2014,Y,Y
2014,CT,590,LC,590LC,6,6,F,A,7/29/2014,N,Y
2014,CT,591,LC,591LC,6,6,M,A,7/29/2014,Y,Y
2014,CT,592,LC,592LC,6,6,F,A,7/29/2014,N,N
2014,CT,593,LC,593LC,6,6,M,J,7/29/2014,N,N
2014,CT,594,LC,594LC,6,6,F,J,7/29/2014,N,N
2014,CT,595,LC,595LC,6,6,F,A,7/29/2014,N,N
2014,CT,596,LC,596LC,6,6,M,J,7/31/2014,N,N
2014,CT,597,LC,597LC,6,6,M,A,7/31/2014,N,Y
2014,CT,598,LC,598LC,6,6,M,A,7/31/2014,N,N
2014,CT,599,LC,599LC,6,6,M,A,7/31/2014,N,N
2014,RI,124,RH,124RH,6,6,F,A,08/07/2014,N,Y
2014,RI,141,RH,141RH,6,6,M,A,08/07/2014,N,Y
2014,RI,143,RH,143RH,6,6,M,A,08/06/2014,Y,Y
2014,RI,148,RH,148RH,6,6,M,A,08/08/2014,N,Y
2014,RI,149,RH,149RH,6,6,M,A,08/06/2014,N,Y
2014,RI,153,RH,153RH,6,6,F,A,08/07/2014,N,Y
2014,RI,156,RH,156RH,6,6,F,A,08/07/2014,N,Y
2014,RI,171,RH,171RH,6,6,M,J,08/07/2014,N,N
2014,RI,172,RH,172RH,6,6,M,A,08/07/2014,N,Y
2014,RI,175,RH,175RH,6,6,M,A,08/07/2014,N,Y
2014,RI,176,RH,176RH,6,6,M,J,08/08/2014,N,Y
2014,RI,177,RH,177RH,6,6,M,A,08/08/2014,Y,Y
2014,RI,178,RH,178RH,6,6,M,A,08/08/2014,N,Y
2014,RI,180,RH,180RH,6,6,M,J,08/08/2014,N,Y
2015,CT,740,LC,740LC,6,14,M,A,08/04/2015,N,Y
2015,CT,755,LC,755LC,6,14,F,A,08/04/2015,N,N
2015,CT,756,LC,756LC,6,14,M,A,08/04/2015,N,N
2015,CT,760/799,HT,760/799HT,6,14,M,A,7/28/2015,Y,Y
2015,CT,766/802,LS,766/802LS,6,14,M,A,7/28/2015,Y,Y
2015,CT,770/793,HT,770/793HT,6,14,M,J,7/28/2015,Y,Y
2015,CT,771,LS,771LS,6,14,M,J,7/28/2015,Y,Y
2015,CT,773,LC,773LC,6,14,F,J,08/04/2015,N,N
2015,CT,774,LC,774LC,6,14,M,A,08/04/2015,Y,Y
2015,CT,777,LC,777LC,6,14,F,A,08/04/2015,Y,Y
2015,CT,778,LC,778LC,6,14,M,A,08/04/2015,Y,Y
2015,CT,783,LC,783LC,6,14,M,A,08/04/2015,Y,Y
2015,CT,784,LC,784LC,6,14,M,A,08/04/2015,Y,Y
2015,CT,786,LC,786LC,6,14,F,A,08/05/2015,Y,Y
2015,CT,788,LS,788LS,6,14,F,J,7/28/2015,N,Y
2015,CT,789,LS,789LS,6,14,M,A,7/28/2015,Y,Y
2015,CT,790,LS,790LS,6,14,M,A,7/30/2015,Y,Y
2015,CT,794,HT,794HT,6,14,M,A,7/28/2015,Y,Y
2015,CT,795,HT,795HT,6,14,M,A,7/28/2015,Y,Y
2015,CT,796,HT,796HT,6,14,F,J,7/28/2015,N,N
2015,CT,797,HT,797HT,6,14,M,J,7/28/2015,Y,Y
2015,CT,798,HT,798HT,6,14,M,A,7/28/2015,Y,Y
2015,CT,800,LC,800LC,6,14,M,A,08/05/2015,Y,N
2015,CT,801,HT,801HT,6,14,F,J,7/28/2015,N,Y
2015,CT,805,LC,805LC,6,14,M,J,08/05/2015,Y,N
2015,CT,807,LC,807LC,6,14,F,J,08/05/2015,N,Y
2015,CT,809,LC,809LC,6,14,F,J,08/05/2015,Y,Y
2015,RI,105,MSR,105MSR,6,14,F,A,08/06/2015,N,Y
2015,RI,201,MSR,201MSR,6,14,F,A,08/06/2015,Y,Y
2015,RI,205,BR,205BR,6,14,M,A,08/05/2015,Y,Y
2015,RI,223,RH,223RH,6,14,F,A,08/12/2015,Y,Y
2015,RI,252,BR,252BR,6,14,F,A,08/05/2015,Y,Y
2015,RI,254,BR,254BR,6,14,F,A,08/05/2015,Y,Y
2015,RI,254,BR,254BR,6,14,F,A,08/06/2015,Y,Y
2015,RI,255,BR,255BR,6,14,F,A,08/05/2015,Y,Y
2015,RI,256,MSR,256MSR,6,14,M,A,08/05/2015,Y,Y
2015,RI,258,RH,258RH,6,14,F,A,08/12/2015,Y,Y
2015,RI,260,RH,260RH,6,14,M,A,8/14/2015,Y,Y
2015,RI,266,RH,266RH,6,14,F,A,08/12/2015,Y,Y
2015,RI,269/304,RH,269/304RH,6,14,F,A,08/12/2015,N,Y
2015,RI,274,RH,274RH,6,14,M,A,08/12/2015,N,Y
2015,RI,276,RH,276RH,6,14,F,A,8/13/2015,Y,Y
2015,RI,280,MSR,280MSR,6,14,M,A,08/07/2015,Y,Y
2015,RI,282,BR,282BR,6,14,M,A,08/05/2015,Y,Y
2015,RI,285,RH,285RH,6,14,F,A,8/13/2015,Y,Y
2015,RI,286,RH,286RH,6,14,M,A,08/12/2015,Y,Y
2015,RI,292,RH,292RH,6,14,M,A,08/12/2015,Y,Y
2015,RI,296,BR,296BR,6,14,M,A,08/05/2015,Y,Y
2015,RI,299,BR,299BR,6,14,F,A,08/05/2015,Y,Y
2015,RI,302,RH,302RH,6,14,F,A,8/13/2015,Y,Y
2015,RI,307,RH,307RH,6,14,F,A,08/12/2015,Y,Y
2015,RI,309,RH,309RH,6,14,M,A,08/12/2015,Y,Y
2015,RI,311,BR,311BR,6,14,F,J,08/07/2015,N,Y
2015,RI,315,MSR,315MSR,6,14,M,A,08/06/2015,N,N
2015,RI,317,MSR,317MSR,6,14,F,A,08/05/2015,Y,Y
2015,RI,319,BR,319BR,6,14,M,A,08/06/2015,Y,Y
2015,RI,320,MSR,320MSR,6,14,F,J,08/06/2015,N,N
2015,RI,321,MSR,321MSR,6,14,M,A,08/06/2015,Y,N
2015,RI,327,RH,327RH,6,14,M,A,08/12/2015,Y,Y
2015,RI,328,RH,328RH,6,14,M,A,8/13/2015,Y,Y
2015,RI,330,RH,330RH,6,14,M,A,08/12/2015,N,Y
2015,RI,333,RH,333RH,6,14,F,J,08/12/2015,N,Y
2015,RI,339,BR,339BR,6,14,M,A,08/05/2015,N,Y
2015,RI,340,BR,340BR,6,14,M,A,08/05/2015,Y,Y
2015,RI,342,MSR,342MSR,6,14,F,A,08/05/2015,Y,Y
2015,RI,344,MSR,344MSR,6,14,F,A,08/06/2015,N,Y
2015,RI,345,MSR,345MSR,6,14,F,A,08/06/2015,Y,Y
2015,RI,346,BR,346BR,6,14,M,A,08/06/2015,Y,Y
2015,RI,347,BR,347BR,6,14,F,A,08/06/2015,Y,Y
2015,RI,348,BR,348BR,6,14,F,A,08/06/2015,Y,Y
2015,RI,349,BR,349BR,6,14,M,A,08/06/2015,N,Y
2015,RI,352,BR,352BR,6,14,M,A,08/07/2015,N,Y
2015,RI,353,MSR,353MSR,6,14,F,J,08/07/2015,N,N
2015,RI,354,RH,354RH,6,14,F,A,08/12/2015,Y,Y
2015,RI,355,RH,355RH,6,14,F,A,08/12/2015,N,Y
2015,RI,356,RH,356RH,6,14,F,A,08/12/2015,Y,N
2015,RI,357,RH,357RH,6,14,F,J,08/12/2015,N,Y
2015,RI,358,RH,358RH,6,14,M,A,08/12/2015,Y,N
2015,RI,359,RH,359RH,6,14,F,J,08/12/2015,N,N
2015,RI,360,RH,360RH,6,14,F,A,8/13/2015,Y,Y
2015,RI,361,RH,361RH,6,14,M,A,8/13/2015,N,Y
2015,RI,362,RH,362RH,6,14,F,J,8/13/2015,N,N
2015,RI,363,RH,363RH,6,14,M,A,8/13/2015,Y,Y
2015,RI,364,RH,364RH,6,14,M,J,8/14/2015,N,Y
2015,RI,365,RH,365RH,6,14,F,J,8/14/2015,N,N
2015,RI,366,RH,366RH,6,14,M,J,8/14/2015,N,N
2015,RI,367,RH,367RH,6,14,M,J,8/14/2015,N,Y
2015,RI,69,BR,69BR,6,14,M,A,08/05/2015,Y,Y
2016,CT,403,HT,403HT,6,21,F,J,03-Aug-16,N,Y
2016,CT,404,LS,404LS,6,21,M,J,02-Aug-16,Y,Y
2016,CT,405,LS,405LS,6,21,M,J,02-Aug-16,Y,Y
2016,CT,408,HT,408HT,6,21,F,A,02-Aug-16,N,Y
2016,CT,409,LS,409LS,6,21,F,A,02-Aug-16,N,Y
2016,CT,410,LS,410LS,6,21,M,J,02-Aug-16,N,Y
2016,CT,411,LS,411LS,6,21,M,J,02-Aug-16,N,N
2016,CT,412,LS,412LS,6,21,M,J,02-Aug-16,N,Y
2016,CT,413,LS,413LS,6,21,M,J,02-Aug-16,Y,Y
2016,CT,415,HT,415HT,6,21,M,J,02-Aug-16,N,Y
2016,CT,416,LC,416LC,6,21,M,A,09-Aug-16,N,Y
2016,CT,418,LS,418LS,6,21,F,J,02-Aug-16,N,Y
2016,CT,419,LS,419LS,6,21,M,J,02-Aug-16,N,Y
2016,CT,421,HT,421HT,6,21,F,A,02-Aug-16,N,Y
2016,CT,423,LS,423LS,6,21,M,A,03-Aug-16,Y,Y
2016,CT,427,LC,427LC,6,21,M,A,09-Aug-16,N,Y
2016,CT,430,LC,430LC,6,21,M,A,11-Aug-16,N,Y
2016,CT,435,LC,435LC,6,21,M,A,09-Aug-16,N,Y
2016,CT,438,LS,438LS,6,21,M,A,02-Aug-16,N,Y
2016,CT,439,LS,439LS,6,21,M,A,02-Aug-16,N,Y
2016,CT,440,LS,440LS,6,21,M,J,04-Aug-16,N,Y
2016,CT,441,HT,441HT,6,21,M,A,03-Aug-16,N,Y
2016,CT,444,HT,444HT,6,21,M,A,02-Aug-16,N,Y
2016,CT,445,HT,445HT,6,21,M,A,02-Aug-16,N,Y
2016,CT,446,HT,446HT,6,21,F,A,02-Aug-16,N,Y
2016,CT,447,HT,447HT,6,21,F,A,02-Aug-16,N,Y
2016,CT,449,HT,449HT,6,21,F,A,02-Aug-16,N,Y
2016,CT,450,HT,450HT,6,21,M,A,02-Aug-16,N,Y
2016,CT,452,HT,452HT,6,21,F,A,03-Aug-16,N,Y
2016,CT,454,HT,454HT,6,21,F,J,02-Aug-16,N,Y
2016,CT,455,LS,455LS,6,21,M,A,03-Aug-16,N,Y
2016,CT,457,LS,457LS,6,21,F,J,04-Aug-16,N,Y
2016,CT,460,LC,460LC,6,21,F,A,10-Aug-16,N,Y
2016,CT,474,LC,474LC,6,21,M,A,10-Aug-16,N,Y
2016,CT,478,LC,478LC,6,21,M,A,09-Aug-16,N,Y
2016,CT,479,LS,479LS,6,21,F,A,03-Aug-16,N,Y
2016,CT,483,LC,483LC,6,21,M,A,09-Aug-16,N,Y
2016,CT,484,LC,484LC,6,21,M,A,09-Aug-16,N,Y
2016,CT,487,LS,487LS,6,21,M,A,02-Aug-16,N,Y
2016,CT,489,LC,489LC,6,21,M,A,09-Aug-16,N,Y
2016,CT,492,LC,492LC,6,21,M,A,09-Aug-16,N,Y
2016,CT,494,LC,494LC,6,21,F,A,09-Aug-16,N,Y
2016,CT,499,LS,499LS,6,21,M,A,02-Aug-16,N,Y
2016,CT,533,LC,533LC,6,21,M,A,11-Aug-16,Y,Y
2016,CT,544,LC,544LC,6,21,M,A,09-Aug-16,N,Y
2016,CT,637,LS,637LS,6,21,F,A,02-Aug-16,N,Y
2016,CT,644,LS,644LS,6,21,F,A,03-Aug-16,N,Y
2016,CT,652,LC,652LC,6,21,M,A,09-Aug-16,Y,Y
2016,CT,654,HT,654HT,6,21,M,A,02-Aug-16,N,Y
2016,CT,655,LS,655LS,6,21,M,A,02-Aug-16,Y,Y
2016,CT,656,LS,656LS,6,21,M,A,02-Aug-16,Y,Y
2016,CT,659,HT,659HT,6,21,M,A,02-Aug-16,N,Y
2016,CT,661,LS,661LS,6,21,F,A,02-Aug-16,N,Y
2016,CT,662,LS,662LS,6,21,F,A,02-Aug-16,N,Y
2016,CT,665,HT,665HT,6,21,M,A,02-Aug-16,N,Y
2016,CT,666,HT,666HT,6,21,M,A,03-Aug-16,N,Y
2016,CT,670,LS,670LS,6,21,M,A,02-Aug-16,N,Y
2016,CT,684,HT,684HT,6,21,M,A,03-Aug-16,N,Y
2016,CT,686,HT,686HT,6,21,M,A,02-Aug-16,N,Y
2016,CT,687,LC,687LC,6,21,M,A,09-Aug-16,Y,Y
2016,CT,689,LC,689LC,6,21,F,A,09-Aug-16,N,Y
2016,CT,700,LS,700LS,6,21,F,A,02-Aug-16,N,Y
2016,CT,833,LS,833LS,6,21,F,A,02-Aug-16,N,Y
2016,CT,911,HT,911HT,6,21,M,A,03-Aug-16,Y,Y
2016,CT,941,LS,941LS,6,21,M,A,03-Aug-16,Y,Y
2016,CT,956,LC,956LC,6,21,F,A,09-Aug-16,N,Y
2016,CT,990,HT,990HT,6,21,F,A,03-Aug-16,Y,Y
2016,RI,374,MSR,374MSR,6,21,M,A,03-Aug-16,N,Y
2016,RI,402,BR,402BR,6,21,F,A,03-Aug-16,N,Y
2016,RI,404,BR,404BR,6,21,M,A,04-Aug-16,N,Y
2016,RI,416,MSR,416MSR,6,21,M,A,03-Aug-16,N,Y
2016,RI,418,MSR,418MSR,6,21,F,A,05-Aug-16,N,Y
2016,RI,428,MSR,428MSR,6,21,M,A,03-Aug-16,Y,Y
2016,RI,438/581,MSR,438/581MSR,6,21,F,A,03-Aug-16,N,Y
2016,RI,442,BR,442BR,6,21,M,A,03-Aug-16,N,Y
2016,RI,462,RH,462RH,6,21,M,A,11-Aug-16,N,Y
2016,RI,465,RH,465RH,6,21,M,A,11-Aug-16,N,Y
2016,RI,476,RH,476RH,6,21,F,A,10-Aug-16,N,Y
2016,RI,488,RH,488RH,6,21,F,A,12-Aug-16,N,Y
2016,RI,492,RH,492RH,6,21,F,A,10-Aug-16,N,Y
2016,RI,499,RH,499RH,6,21,M,A,10-Aug-16,Y,Y
2016,RI,509,MSR,509MSR,6,21,M,A,03-Aug-16,Y,Y
2016,RI,512,MSR,512MSR,6,21,M,A,04-Aug-16,Y,Y
2016,RI,515,BR,515BR,6,21,M,A,04-Aug-16,N,Y
2016,RI,515,BR,515BR,6,21,M,A,05-Aug-16,N,Y
2016,RI,522,MSR,522MSR,6,21,M,A,04-Aug-16,N,Y
2016,RI,534,RH,534RH,6,21,M,A,11-Aug-16,N,Y
2016,RI,546,BR,546BR,6,21,F,A,03-Aug-16,N,Y
2016,RI,548,MSR,548MSR,6,21,M,A,03-Aug-16,Y,Y
2016,RI,559,RH,559RH,6,21,M,A,10-Aug-16,N,Y
2016,RI,562,RH,562RH,6,21,F,A,11-Aug-16,N,Y
2016,RI,569,BR,569BR,6,21,M,A,03-Aug-16,N,Y
2016,RI,574,BR,574BR,6,21,M,A,03-Aug-16,N,Y
2016,RI,575,BR,575BR,6,21,M,A,03-Aug-16,N,Y
2016,RI,580,BR,580BR,6,21,F,A,04-Aug-16,N,Y
2016,RI,583,MSR,583MSR,6,21,F,A,05-Aug-16,N,Y
2016,RI,587,BR,587BR,6,21,F,A,04-Aug-16,N,Y
2016,RI,596,RH,596RH,6,21,M,A,10-Aug-16,Y,Y
2016,RI,601,RH,601RH,6,21,M,A,10-Aug-16,N,Y
2016,RI,602,RH,602RH,6,21,M,A,11-Aug-16,N,Y
2016,RI,603,BR,603BR,6,21,F,A,04-Aug-16,N,Y
2016,RI,605,BR,605BR,6,21,F,A,03-Aug-16,N,Y
2016,RI,606,MSR,606MSR,6,21,F,A,03-Aug-16,Y,Y
2016,RI,613,BR,613BR,6,21,M,A,05-Aug-16,N,Y
2016,RI,615,MSR,615MSR,6,21,M,A,04-Aug-16,N,Y
2016,RI,622,MSR,622MSR,6,21,M,A,03-Aug-16,N,Y
2016,RI,634,RH,634RH,6,21,F,J,11-Aug-16,N,Y
2016,RI,636,RH,636RH,6,21,F,A,11-Aug-16,N,Y
2016,RI,644,MSR,644MSR,6,21,F,J,03-Aug-16,N,Y
2016,RI,645,MSR,645MSR,6,21,M,A,03-Aug-16,N,Y
2016,RI,646,MSR,646MSR,6,21,M,A,03-Aug-16,N,Y
2016,RI,647,BR,647BR,6,21,M,A,03-Aug-16,N,Y
2016,RI,648,BR,648BR,6,21,F,J,03-Aug-16,N,Y
2016,RI,649,BR,649BR,6,21,M,A,03-Aug-16,N,Y
2016,RI,650,BR,650BR,6,21,M,J,03-Aug-16,N,Y
2016,RI,651,BR,651BR,6,21,F,A,03-Aug-16,N,Y
2016,RI,652,BR,652BR,6,21,M,J,04-Aug-16,N,Y
2016,RI,653,MSR,653MSR,6,21,M,A,04-Aug-16,N,Y
2016,RI,654,MSR,654MSR,6,21,M,J,04-Aug-16,N,Y
2016,RI,655,MSR,655MSR,6,21,F,A,04-Aug-16,N,Y
2016,RI,656,MSR,656MSR,6,21,M,A,04-Aug-16,N,Y
2016,RI,657,MSR,657MSR,6,21,F,A,05-Aug-16,N,Y
2016,RI,658,MSR,658MSR,6,21,F,A,04-Aug-16,N,Y
2016,RI,659,MSR,659MSR,6,21,M,J,05-Aug-16,N,Y
2016,RI,660,MSR,660MSR,6,21,M,A,05-Aug-16,N,Y
2016,RI,661,BR,661BR,6,21,M,A,05-Aug-16,N,Y
2016,RI,662,BR,662BR,6,21,M,A,05-Aug-16,N,Y
2016,RI,663,RH,663RH,6,21,M,J,10-Aug-16,N,Y
2016,RI,664,RH,664RH,6,21,F,A,10-Aug-16,Y,Y
2016,RI,666,RH,666RH,6,21,M,J,10-Aug-16,N,Y
2016,RI,667,RH,667RH,6,21,F,J,10-Aug-16,N,Y
2016,RI,668,RH,668RH,6,21,F,J,10-Aug-16,N,Y
2016,RI,670,RH,670RH,6,21,M,A,10-Aug-16,N,Y
2016,RI,671,RH,671RH,6,21,M,A,10-Aug-16,Y,Y
2016,RI,672,RH,672RH,6,21,F,A,10-Aug-16,Y,Y
2016,RI,673,RH,673RH,6,21,M,A,10-Aug-16,Y,Y
2016,RI,674,RH,674RH,6,21,F,J,10-Aug-16,N,Y
2016,RI,675,RH,675RH,6,21,M,J,11-Aug-16,N,Y
2016,RI,676,RH,676RH,6,21,M,A,11-Aug-16,N,Y
2016,RI,678,RH,678RH,6,21,F,A,11-Aug-16,Y,Y
2016,RI,680,RH,680RH,6,21,M,A,12-Aug-16,N,Y
2016,RI,681,RH,681RH,6,21,M,A,12-Aug-16,Y,Y
2014,CT,108,HT,108HT,7,7,F,A,08/05/2014,N,Y
2014,CT,131,HT,131HT,7,7,M,A,08/05/2014,N,Y
2014,CT,147,HT,147HT,7,7,F,A,08/05/2014,Y,Y
2014,CT,151,HT,151HT,7,7,M,A,08/05/2014,Y,Y
2014,CT,154,HT,154HT,7,7,F,A,08/05/2014,Y,Y
2014,CT,156,HT,156HT,7,7,F,A,08/05/2014,Y,Y
2014,CT,165,HT,165HT,7,7,F,A,08/06/2014,Y,Y
2014,CT,301,HT,301HT,7,7,F,A,08/06/2014,Y,Y
2014,CT,307,LC,307LC,7,7,M,A,08/12/2014,Y,Y
2014,CT,326,HT,326HT,7,7,M,A,08/05/2014,Y,Y
2014,CT,327,HT,327HT,7,7,M,A,08/05/2014,N,Y
2014,CT,507/544,HT,507/544HT,7,7,M,A,08/05/2014,Y,Y
2014,CT,510,HT,510HT,7,7,M,A,08/06/2014,Y,Y
2014,CT,515,HT,515HT,7,7,M,A,08/05/2014,N,N
2014,CT,522,LC,522LC,7,7,M,A,8/13/2014,Y,Y
2014,CT,525,LC,525LC,7,7,M,A,08/12/2014,N,Y
2014,CT,533,HT,533HT,7,7,F,A,08/05/2014,N,Y
2014,CT,535,HT,535HT,7,7,M,A,08/05/2014,Y,Y
2014,CT,540/182,HT,540/182HT,7,7,F,A,08/05/2014,Y,Y
2014,CT,542,HT,542HT,7,7,M,A,08/05/2014,Y,Y
2014,CT,549,LC,549LC,7,7,F,A,08/12/2014,N,Y
2014,CT,550,LC,550LC,7,7,M,A,08/12/2014,N,Y
2014,CT,552,LC,552LC,7,7,F,A,08/12/2014,N,N
2014,CT,567,LC,567LC,7,7,M,A,08/12/2014,N,Y
2014,CT,573,LC,573LC,7,7,M,J,08/12/2014,N,Y
2014,CT,574,LC,574LC,7,7,F,A,8/13/2014,N,N
2014,CT,582,LC,582LC,7,7,M,A,08/12/2014,N,Y
2014,CT,582,LS,582LS,7,7,F,A,08/06/2014,Y,Y
2014,CT,583/602,LS,583/602LS,7,7,M,A,08/05/2014,N,Y
2014,CT,584,LS,584LS,7,7,M,A,08/05/2014,N,Y
2014,CT,585,LS,585LS,7,7,F,A,08/07/2014,Y,Y
2014,CT,586,HT,586HT,7,7,M,A,08/05/2014,Y,Y
2014,CT,588,LS,588LS,7,7,F,A,08/06/2014,Y,Y
2014,CT,589,LC,589LC,7,7,M,A,8/13/2014,Y,Y
2014,CT,590,LC,590LC,7,7,F,A,08/12/2014,N,Y
2014,CT,592,LC,592LC,7,7,F,A,08/12/2014,N,N
2014,CT,593,LC,593LC,7,7,M,A,08/12/2014,N,Y
2014,CT,594,LC,594LC,7,7,F,J,08/12/2014,N,Y
2014,CT,595,LC,595LC,7,7,F,A,08/12/2014,N,N
2014,CT,600,LS,600LS,7,7,M,A,08/05/2014,N,Y
2014,CT,601,LS,601LS,7,7,F,J,08/05/2014,N,Y
2014,CT,604,HT,604HT,7,7,M,A,08/06/2014,N,Y
2014,CT,605,HT,605HT,7,7,F,J,08/06/2014,N,N
2014,CT,606,LS,606LS,7,7,M,J,08/06/2014,N,N
2014,CT,608,LS,608LS,7,7,M,A,08/06/2014,N,Y
2014,CT,611,HT,611HT,7,7,M,J,08/07/2014,N,N
2014,CT,612,LS,612LS,7,7,F,A,08/07/2014,N,Y
2014,CT,613,LC,613LC,7,7,M,J,08/12/2014,N,Y
2014,CT,614,LC,614LC,7,7,M,A,08/12/2014,N,Y
2014,CT,615,LC,615LC,7,7,M,A,8/13/2014,N,Y
2014,RI,140,RH,140RH,7,7,F,A,8/22/2014,Y,Y
2014,RI,156,RH,156RH,7,7,F,A,8/20/2014,N,Y
2014,RI,171,RH,171RH,7,7,M,A,8/22/2014,N,N
2014,RI,172,RH,172RH,7,7,M,A,8/21/2014,Y,Y
2014,RI,178,RH,178RH,7,7,M,A,8/21/2014,N,Y
2014,RI,186,RH,186RH,7,7,M,J,8/21/2014,N,N
2014,RI,188,RH,188RH,7,7,M,A,8/21/2014,Y,Y
2014,RI,190,RH,190RH,7,7,F,A,8/22/2014,Y,Y
2015,CT,752,LC,752LC,7,15,F,A,8/18/2015,Y,Y
2015,CT,755,LC,755LC,7,15,F,A,8/18/2015,N,N
2015,CT,756,LC,756LC,7,15,M,A,8/18/2015,Y,Y
2015,CT,760/799,HT,760/799HT,7,15,M,A,08/11/2015,N,Y
2015,CT,766/802,LS,766/802LS,7,15,M,A,08/11/2015,Y,Y
2015,CT,770/793,HT,770/793HT,7,15,M,J,08/11/2015,Y,Y
2015,CT,773,LC,773LC,7,15,F,A,8/18/2015,N,N
2015,CT,777,LC,777LC,7,15,F,A,8/18/2015,Y,Y
2015,CT,778,LC,778LC,7,15,M,A,8/19/2015,N,Y
2015,CT,783,LC,783LC,7,15,M,A,8/18/2015,Y,Y
2015,CT,791,LS,791LS,7,15,M,A,08/11/2015,Y,Y
2015,CT,792,HT,792HT,7,15,M,J,08/11/2015,N,Y
2015,CT,796,HT,796HT,7,15,F,J,08/11/2015,N,N
2015,CT,797,HT,797HT,7,15,M,A,08/12/2015,Y,Y
2015,CT,798,HT,798HT,7,15,M,A,08/11/2015,N,Y
2015,CT,798,LS,798LS,7,15,M,A,08/11/2015,Y,Y
2015,CT,804,LC,804LC,7,15,M,A,8/19/2015,N,Y
2015,CT,806,LC,806LC,7,15,M,J,8/18/2015,N,Y
2015,CT,808,LC,808LC,7,15,M,J,8/18/2015,N,N
2015,CT,809,LC,809LC,7,15,F,A,8/18/2015,Y,Y
2015,CT,810,LC,810LC,7,15,M,J,8/19/2015,Y,Y
2015,CT,813,LS,813LS,7,15,M,J,08/11/2015,Y,Y
2015,CT,814,HT,814HT,7,15,F,A,08/11/2015,Y,Y
2015,CT,815,LS,815LS,7,15,F,J,08/11/2015,Y,N
2015,CT,817,HT,817HT,7,15,F,J,08/12/2015,N,N
2015,CT,818,HT,818HT,7,15,M,A,8/13/2015,Y,Y
2015,CT,819,HT,819HT,7,15,F,J,8/13/2015,N,Y
2015,CT,821,LC,821LC,7,15,M,A,8/18/2015,Y,Y
2015,CT,822,LC,822LC,7,15,M,A,8/18/2015,Y,Y
2015,CT,823,LC,823LC,7,15,M,A,10/06/2015,N,Y
2015,CT,824,LC,824LC,7,15,M,J,8/19/2015,N,N
2015,CT,825,LC,825LC,7,15,M,A,8/20/2015,N,Y
2015,CT,826,LC,826LC,7,15,F,J,8/20/2015,N,N
2015,CT,827,LC,827LC,7,15,F,A,8/20/2015,N,N
2015,CT,828,LS,828LS,7,15,M,A,10/04/2015,N,Y
2015,CT,829,LS,829LS,7,15,M,A,10/04/2015,Y,Y
2015,CT,830,LC,830LC,7,15,M,A,10/06/2015,N,Y
2015,CT,831,LC,831LC,7,15,F,A,10/06/2015,N,N
2015,CT,832,LC,832LC,7,15,M,A,10/06/2015,N,Y
2015,RI,105,MSR,105MSR,7,15,F,A,8/19/2015,Y,Y
2015,RI,205,BR,205BR,7,15,M,A,8/19/2015,Y,Y
2015,RI,209/253,BR,209/253BR,7,15,F,A,8/20/2015,Y,Y
2015,RI,212/300,BR,212/300BR,7,15,F,A,8/20/2015,Y,Y
2015,RI,223,RH,223RH,7,15,F,A,8/25/2015,N,Y
2015,RI,254,BR,254BR,7,15,F,A,8/19/2015,Y,Y
2015,RI,260,RH,260RH,7,15,M,A,8/27/2015,Y,Y
2015,RI,276,RH,276RH,7,15,F,A,8/26/2015,Y,Y
2015,RI,280,MSR,280MSR,7,15,M,A,8/20/2015,Y,Y
2015,RI,282,BR,282BR,7,15,M,A,8/20/2015,Y,Y
2015,RI,284,BR,284BR,7,15,M,A,8/20/2015,Y,Y
2015,RI,285,RH,285RH,7,15,F,A,8/25/2015,N,Y
2015,RI,286,RH,286RH,7,15,M,A,8/26/2015,Y,Y
2015,RI,302,RH,302RH,7,15,F,A,8/26/2015,Y,Y
2015,RI,310,BR,310BR,7,15,M,A,8/21/2015,N,Y
2015,RI,314,MSR,314MSR,7,15,F,A,8/19/2015,Y,Y
2015,RI,315,MSR,315MSR,7,15,M,A,8/20/2015,N,Y
2015,RI,319,BR,319BR,7,15,M,A,8/20/2015,Y,Y
2015,RI,320,MSR,320MSR,7,15,F,A,8/20/2015,N,N
2015,RI,321,MSR,321MSR,7,15,M,A,8/19/2015,Y,N
2015,RI,329,RH,329RH,7,15,M,A,8/26/2015,Y,Y
2015,RI,333,RH,333RH,7,15,F,A,8/26/2015,Y,Y
2015,RI,341,MSR,341MSR,7,15,M,A,8/20/2015,Y,Y
2015,RI,342,MSR,342MSR,7,15,F,A,8/19/2015,N,Y
2015,RI,345,MSR,345MSR,7,15,F,A,8/19/2015,Y,Y
2015,RI,346,BR,346BR,7,15,M,A,8/27/2015,N,Y
2015,RI,353,MSR,353MSR,7,15,F,J,8/19/2015,N,N
2015,RI,368,MSR,368MSR,7,15,M,J,8/19/2015,N,N
2015,RI,369,BR,369BR,7,15,F,J,8/19/2015,Y,Y
2015,RI,370,BR,370BR,7,15,M,A,8/20/2015,Y,N
2015,RI,371,BR,371BR,7,15,M,A,8/20/2015,N,N
2015,RI,372,BR,372BR,7,15,M,A,8/20/2015,Y,Y
2015,RI,373,MSR,373MSR,7,15,M,A,8/20/2015,Y,N
2015,RI,374,MSR,374MSR,7,15,M,J,8/20/2015,N,N
2015,RI,376,BR,376BR,7,15,F,J,8/21/2015,N,N
2015,RI,377,BR,377BR,7,15,M,A,8/21/2015,Y,Y
2015,RI,379,BR,379BR,7,15,F,J,8/21/2015,Y,Y
2015,RI,380,BR,380BR,7,15,M,J,8/21/2015,N,Y
2015,RI,381,BR,381BR,7,15,F,J,8/21/2015,N,N
2015,RI,382,MSR,382MSR,7,15,M,J,8/21/2015,N,Y
2015,RI,389,RH,389RH,7,15,F,J,8/26/2015,N,N
2015,RI,390,RH,390RH,7,15,M,A,8/26/2015,Y,Y
2015,RI,391,RH,391RH,7,15,M,A,8/26/2015,Y,Y
2015,RI,392,RH,392RH,7,15,F,A,8/26/2015,N,Y
2015,RI,393,RH,393RH,7,15,F,J,8/26/2015,N,N
2015,RI,394,RH,394RH,7,15,F,A,8/26/2015,Y,Y
2015,RI,395,RH,395RH,7,15,M,A,8/26/2015,N,Y
2015,RI,396,RH,396RH,7,15,F,J,8/27/2015,N,Y
2015,RI,397,RH,397RH,7,15,M,J,8/27/2015,N,Y
2015,RI,398,RH,398RH,7,15,F,A,8/27/2015,Y,Y
2015,RI,399,RH,399RH,7,15,F,J,8/27/2015,N,N
2015,RI,400,BR,400BR,7,15,M,A,8/27/2015,N,Y
2015,RI,69,BR,69BR,7,15,M,A,8/19/2015,Y,Y
2016,CT,192,LC,192LC,7,22,M,A,26-Aug-16,N,Y
2016,CT,194,LC,194LC,7,22,F,A,25-Aug-16,N,N
2016,CT,199,LC,199LC,7,22,F,A,26-Aug-16,N,Y
2016,CT,401,LC,401LC,7,22,M,A,24-Aug-16,N,Y
2016,CT,403,HT,403HT,7,22,F,A,16-Aug-16,N,Y
2016,CT,405,LS,405LS,7,22,M,J,16-Aug-16,N,Y
2016,CT,408,HT,408HT,7,22,F,A,17-Aug-16,Y,Y
2016,CT,410,LS,410LS,7,22,M,A,17-Aug-16,Y,Y
2016,CT,413,LS,413LS,7,22,M,A,16-Aug-16,N,Y
2016,CT,414,LS,414LS,7,22,M,A,17-Aug-16,N,Y
2016,CT,415,HT,415HT,7,22,M,A,16-Aug-16,N,Y
2016,CT,416,LC,416LC,7,22,M,A,25-Aug-16,N,Y
2016,CT,418,LS,418LS,7,22,F,J,16-Aug-16,N,Y
2016,CT,419,LS,419LS,7,22,M,A,16-Aug-16,N,Y
2016,CT,420,HT,420HT,7,22,M,A,16-Aug-16,N,Y
2016,CT,423,LS,423LS,7,22,M,A,16-Aug-16,N,Y
2016,CT,428,LC,428LC,7,22,M,A,24-Aug-16,N,N
2016,CT,432,LC,432LC,7,22,F,A,25-Aug-16,N,N
2016,CT,436,LC,436LC,7,22,M,A,24-Aug-16,N,N
2016,CT,439,LS,439LS,7,22,M,A,18-Aug-16,N,Y
2016,CT,440,LS,440LS,7,22,M,A,17-Aug-16,Y,Y
2016,CT,441,HT,441HT,7,22,M,A,17-Aug-16,N,Y
2016,CT,443,HT,443HT,7,22,M,A,17-Aug-16,N,Y
2016,CT,447,HT,447HT,7,22,F,A,17-Aug-16,N,Y
2016,CT,449,HT,449HT,7,22,F,A,17-Aug-16,N,Y
2016,CT,451,HT,451HT,7,22,M,A,17-Aug-16,N,Y
2016,CT,453,LS,453LS,7,22,M,A,16-Aug-16,N,Y
2016,CT,455,LS,455LS,7,22,M,A,16-Aug-16,N,Y
2016,CT,457,LS,457LS,7,22,F,A,16-Aug-16,N,Y
2016,CT,458,LC,458LC,7,22,M,A,25-Aug-16,N,Y
2016,CT,460,LC,460LC,7,22,F,A,25-Aug-16,N,Y
2016,CT,462,LS,462LS,7,22,F,A,16-Aug-16,N,Y
2016,CT,463,LC,463LC,7,22,M,A,24-Aug-16,Y,Y
2016,CT,464,LC,464LC,7,22,M,A,24-Aug-16,N,Y
2016,CT,465,LC,465LC,7,22,F,A,24-Aug-16,Y,Y
2016,CT,466,LC,466LC,7,22,F,A,24-Aug-16,N,Y
2016,CT,467,LC,467LC,7,22,M,A,24-Aug-16,N,Y
2016,CT,468,LS,468LS,7,22,M,A,17-Aug-16,N,Y
2016,CT,469,LS,469LS,7,22,M,J,16-Aug-16,N,Y
2016,CT,470,LS,470LS,7,22,M,J,17-Aug-16,Y,Y
2016,CT,471,LC,471LC,7,22,F,A,24-Aug-16,N,Y
2016,CT,472,LS,472LS,7,22,M,A,18-Aug-16,N,Y
2016,CT,474,LC,474LC,7,22,M,A,26-Aug-16,N,Y
2016,CT,475,HT,475HT,7,22,M,J,16-Aug-16,Y,Y
2016,CT,476,LC,476LC,7,22,M,J,25-Aug-16,N,Y
2016,CT,479,LS,479LS,7,22,F,A,16-Aug-16,Y,Y
2016,CT,480,LS,480LS,7,22,M,A,16-Aug-16,N,Y
2016,CT,487,LS,487LS,7,22,M,A,16-Aug-16,Y,Y
2016,CT,489,LC,489LC,7,22,M,A,24-Aug-16,Y,Y
2016,CT,499,LS,499LS,7,22,M,A,16-Aug-16,N,Y
2016,CT,637,LS,637LS,7,22,F,A,16-Aug-16,N,Y
2016,CT,644,LS,644LS,7,22,F,A,18-Aug-16,Y,Y
2016,CT,652,LS,652LS,7,22,M,A,24-Aug-16,Y,Y
2016,CT,654,HT,654HT,7,22,M,A,16-Aug-16,Y,Y
2016,CT,659,HT,659HT,7,22,M,A,16-Aug-16,N,Y
2016,CT,661,LS,661LS,7,22,F,A,16-Aug-16,Y,Y
2016,CT,666,HT,666HT,7,22,M,A,16-Aug-16,N,Y
2016,CT,670,LS,670LS,7,22,M,A,16-Aug-16,N,Y
2016,CT,684,HT,684HT,7,22,M,A,17-Aug-16,N,Y
2016,CT,685,LC,685LC,7,22,M,A,25-Aug-16,N,Y
2016,CT,686,HT,686HT,7,22,M,A,16-Aug-16,Y,Y
2016,CT,689,LC,689LC,7,22,F,A,25-Aug-16,N,Y
2016,CT,691,LC,691LC,7,22,F,A,24-Aug-16,N,Y
2016,CT,698,HT,698HT,7,22,M,A,16-Aug-16,N,Y
2016,CT,911,HT,911HT,7,22,M,A,17-Aug-16,N,Y
2016,CT,990,HT,990HT,7,22,F,A,17-Aug-16,N,Y
2016,RI,301,RH,301RH,7,22,M,A,24-Aug-16,N,Y
2016,RI,302,RH,302RH,7,22,M,J,24-Aug-16,Y,Y
2016,RI,303,RH,303RH,7,22,F,J,26-Aug-16,N,Y
2016,RI,304,RH,304RH,7,22,M,A,24-Aug-16,Y,Y
2016,RI,306,RH,306RH,7,22,M,J,24-Aug-16,N,Y
2016,RI,307,RH,307RH,7,22,F,A,24-Aug-16,N,Y
2016,RI,308,RH,308RH,7,22,M,J,25-Aug-16,N,Y
2016,RI,309,RH,309RH,7,22,M,J,25-Aug-16,N,Y
2016,RI,311,RH,311RH,7,22,M,A,25-Aug-16,N,Y
2016,RI,312,RH,312RH,7,22,F,A,25-Aug-16,N,Y
2016,RI,313,RH,313RH,7,22,F,A,25-Aug-16,Y,Y
2016,RI,314,RH,314RH,7,22,F,A,25-Aug-16,N,Y
2016,RI,315,RH,315RH,7,22,M,A,25-Aug-16,N,Y
2016,RI,316,RH,316RH,7,22,M,A,25-Aug-16,N,Y
2016,RI,317,RH,317RH,7,22,F,J,26-Aug-16,N,Y
2016,RI,318,RH,318RH,7,22,M,J,26-Aug-16,N,Y
2016,RI,374,MSR,374MSR,7,22,M,A,18-Aug-16,N,Y
2016,RI,413,BR,413BR,7,22,M,A,18-Aug-16,Y,Y
2016,RI,416,MSR,416MSR,7,22,M,A,18-Aug-16,N,Y
2016,RI,428,MSR,428MSR,7,22,M,A,17-Aug-16,N,Y
2016,RI,430,MSR,430MSR,7,22,F,A,17-Aug-16,Y,Y
2016,RI,438/581,MSR,438/581MSR,7,22,F,A,17-Aug-16,N,Y
2016,RI,451,BR,451BR,7,22,F,A,18-Aug-16,N,Y
2016,RI,456,BR,456BR,7,22,F,A,19-Aug-16,Y,Y
2016,RI,473,RH,473RH,7,22,F,A,24-Aug-16,N,Y
2016,RI,487,RH,487RH,7,22,F,A,25-Aug-16,N,Y
2016,RI,499,RH,499RH,7,22,M,A,25-Aug-16,N,Y
2016,RI,505,MSR,505MSR,7,22,F,A,18-Aug-16,N,Y
2016,RI,513,MSR,513MSR,7,22,F,A,17-Aug-16,N,Y
2016,RI,521,MSR,521MSR,7,22,F,A,18-Aug-16,N,Y
2016,RI,536,RH,536RH,7,22,M,A,26-Aug-16,Y,Y
2016,RI,546,BR,546BR,7,22,F,A,18-Aug-16,N,Y
2016,RI,548,MSR,548MSR,7,22,M,A,18-Aug-16,Y,Y
2016,RI,553,MSR,553MSR,7,22,F,A,19-Aug-16,N,Y
2016,RI,558,RH,558RH,7,22,M,A,24-Aug-16,N,Y
2016,RI,562,RH,562RH,7,22,F,A,25-Aug-16,Y,Y
2016,RI,564,RH,564RH,7,22,M,A,24-Aug-16,Y,Y
2016,RI,574,BR,574BR,7,22,M,A,17-Aug-16,N,Y
2016,RI,583,MSR,583MSR,7,22,F,A,19-Aug-16,N,Y
2016,RI,591,RH,591RH,7,22,F,A,24-Aug-16,N,Y
2016,RI,601,RH,601RH,7,22,M,A,24-Aug-16,N,Y
2016,RI,602,RH,602RH,7,22,M,A,24-Aug-16,N,Y
2016,RI,609,BR,609BR,7,22,F,A,17-Aug-16,Y,Y
2016,RI,617,MSR,617MSR,7,22,F,A,19-Aug-16,N,Y
2016,RI,634,RH,634RH,7,22,F,A,25-Aug-16,N,Y
2016,RI,636,RH,636RH,7,22,F,A,26-Aug-16,N,Y
2016,RI,641,RH,641RH,7,22,F,A,26-Aug-16,N,Y
2016,RI,644,MSR,644MSR,7,22,F,A,18-Aug-16,Y,Y
2016,RI,646,MSR,646MSR,7,22,M,A,18-Aug-16,N,Y
2016,RI,652,BR,652BR,7,22,M,A,17-Aug-16,N,Y
2016,RI,653,MSR,653MSR,7,22,M,A,17-Aug-16,N,Y
2016,RI,656,MSR,656MSR,7,22,M,A,19-Aug-16,Y,Y
2016,RI,660,MSR,660MSR,7,22,M,A,18-Aug-16,N,Y
2016,RI,663,RH,663RH,7,22,M,A,25-Aug-16,N,Y
2016,RI,667,RH,667RH,7,22,F,A,25-Aug-16,N,Y
2016,RI,670,RH,670RH,7,22,M,A,26-Aug-16,N,Y
2016,RI,671,RH,671RH,7,22,M,A,25-Aug-16,N,Y
2016,RI,675,RH,675RH,7,22,M,A,24-Aug-16,Y,Y
2016,RI,678,RH,678RH,7,22,F,A,26-Aug-16,Y,Y
2016,RI,682,BR,682BR,7,22,M,A,17-Aug-16,N,Y
2016,RI,683,BR,683BR,7,22,M,A,17-Aug-16,N,Y
2016,RI,685,BR,685BR,7,22,F,J,17-Aug-16,N,Y
2016,RI,686,MSR,686MSR,7,22,F,A,17-Aug-16,N,Y
2016,RI,687,MSR,687MSR,7,22,F,A,17-Aug-16,Y,Y
2016,RI,688,MSR,688MSR,7,22,M,J,18-Aug-16,N,Y
2016,RI,689,MSR,689MSR,7,22,M,A,18-Aug-16,N,Y
2016,RI,690,MSR,690MSR,7,22,F,A,18-Aug-16,N,Y
2016,RI,691,BR,691BR,7,22,M,A,18-Aug-16,N,Y
2016,RI,692,BR,692BR,7,22,F,A,18-Aug-16,Y,Y
2016,RI,693,BR,693BR,7,22,M,A,18-Aug-16,Y,Y
2016,RI,694,BR,694BR,7,22,M,A,18-Aug-16,N,Y
2016,RI,695,BR,695BR,7,22,F,A,18-Aug-16,N,Y
2016,RI,696,BR,696BR,7,22,M,A,18-Aug-16,N,Y
2016,RI,699,MSR,699MSR,7,22,F,A,19-Aug-16,N,Y
2016,RI,700,MSR,700MSR,7,22,M,A,19-Aug-16,N,Y
2016,RI,X01,MSR,X01MSR,7,22,M,A,19-Aug-16,N,Y
2016,RI,X02,BR,X02BR,7,22,M,A,19-Aug-16,N,Y
2016,RI,X03,BR,X03BR,7,22,M,A,19-Aug-16,Y,Y
2014,CT,108,HT,108HT,8,8,F,A,8/19/2014,N,Y
2014,CT,131,HT,131HT,8,8,M,A,8/19/2014,N,Y
2014,CT,147,HT,147HT,8,8,F,A,8/19/2014,N,Y
2014,CT,154,HT,154HT,8,8,F,A,8/20/2014,N,Y
2014,CT,156,HT,156HT,8,8,F,A,8/19/2014,N,Y
2014,CT,307,LC,307LC,8,8,M,A,8/26/2014,Y,Y
2014,CT,310,LC,310LC,8,8,F,A,8/27/2014,N,Y
2014,CT,311,LC,311LC,8,8,M,A,8/26/2014,N,Y
2014,CT,327,HT,327HT,8,8,M,A,8/19/2014,N,Y
2014,CT,507/544,HT,507/544HT,8,8,M,A,8/19/2014,N,Y
2014,CT,515,HT,515HT,8,8,M,A,8/19/2014,Y,Y
2014,CT,533,HT,533HT,8,8,F,A,8/19/2014,N,Y
2014,CT,535,HT,535HT,8,8,M,A,8/19/2014,N,Y
2014,CT,538/563,LS,538/563LS,8,8,F,A,8/19/2014,Y,Y
2014,CT,540/182,HT,540/182HT,8,8,F,A,8/19/2014,N,Y
2014,CT,561,HT,561HT,8,8,M,A,8/19/2014,Y,Y
2014,CT,567,LC,567LC,8,8,M,A,8/26/2014,N,Y
2014,CT,582,LS,582LS,8,8,F,A,8/19/2014,Y,Y
2014,CT,583/602,LS,583/602LS,8,8,M,A,8/19/2014,N,Y
2014,CT,584,LS,584LS,8,8,M,A,8/19/2014,Y,Y
2014,CT,593,LC,593LC,8,8,M,A,8/26/2014,N,Y
2014,CT,594,LC,594LC,8,8,F,A,8/27/2014,N,N
2014,CT,597,LC,597LC,8,8,M,A,8/26/2014,N,Y
2014,CT,598,LC,598LC,8,8,M,A,8/26/2014,N,N
2014,CT,600,LS,600LS,8,8,M,A,8/19/2014,Y,Y
2014,CT,601,LS,601LS,8,8,F,J,8/20/2014,N,Y
2014,CT,605,HT,605HT,8,8,F,J,8/19/2014,N,N
2014,CT,608,LS,608LS,8,8,M,A,8/19/2014,N,Y
2014,CT,610,LS,610LS,8,8,F,A,8/20/2014,N,Y
2014,CT,617,LC,617LC,8,8,M,A,8/27/2014,N,Y
2014,CT,619,HT,619HT,8,8,M,A,8/19/2014,N,Y
2014,CT,620,HT,620HT,8,8,M,A,8/20/2014,N,N
2014,CT,621,HT,621HT,8,8,M,J,8/20/2014,N,N
2014,CT,622,HT,622HT,8,8,M,A,8/20/2014,N,Y
2014,CT,623,LS,623LS,8,8,M,A,8/20/2014,N,Y
2014,CT,624,LS,624LS,8,8,M,A,8/20/2014,N,Y
2014,CT,625,HT,625HT,8,8,M,A,8/21/2014,N,N
2014,CT,626,HT,626HT,8,8,M,J,8/21/2014,N,Y
2014,CT,627,LC,627LC,8,8,M,J,8/26/2014,N,N
2014,CT,628,LC,628LC,8,8,F,A,8/26/2014,N,N
2014,CT,630,LC,630LC,8,8,F,A,8/26/2014,N,Y
2014,CT,633,LC,633LC,8,8,M,J,8/27/2014,N,N
2014,CT,634,LC,634LC,8,8,M,J,8/27/2014,N,N
2014,CT,635,LC,635LC,8,8,F,J,8/27/2014,N,N
2014,CT,636,LC,636LC,8,8,M,A,8/28/2014,N,Y
2014,CT,639,LC,639LC,8,8,M,A,8/28/2014,N,Y
